[INFO] Scanning for projects...
[INFO] 
[INFO] ----------------------< com.busgo:busgo-backend >-----------------------
[INFO] Building BusGo Backend 0.1.0
[INFO]   from pom.xml
[INFO] --------------------------------[ jar ]---------------------------------
[INFO] 
[INFO] >>> spring-boot:3.2.6:run (default-cli) > test-compile @ busgo-backend >>>
[INFO] 
[INFO] --- resources:3.3.1:resources (default-resources) @ busgo-backend ---
[INFO] Copying 1 resource from src\main\resources to target\classes
[INFO] Copying 0 resource from src\main\resources to target\classes
[INFO] 
[INFO] --- compiler:3.11.0:compile (default-compile) @ busgo-backend ---
[INFO] Nothing to compile - all classes are up to date
[INFO] 
[INFO] --- resources:3.3.1:testResources (default-testResources) @ busgo-backend ---
[INFO] Copying 1 resource from src\test\resources to target\test-classes
[INFO] 
[INFO] --- compiler:3.11.0:testCompile (default-testCompile) @ busgo-backend ---
[INFO] Changes detected - recompiling the module! :source
[INFO] Compiling 16 source files with javac [debug release 21] to target\test-classes
[INFO] 
[INFO] <<< spring-boot:3.2.6:run (default-cli) < test-compile @ busgo-backend <<<
[INFO] 
[INFO] 
[INFO] --- spring-boot:3.2.6:run (default-cli) @ busgo-backend ---
[INFO] Attaching agents: []

  .   ____          _            __ _ _
 /\\ / ___'_ __ _ _(_)_ __  __ _ \ \ \ \
( ( )\___ | '_ | '_| | '_ \/ _` | \ \ \ \
 \\/  ___)| |_)| | | | | || (_| |  ) ) ) )
  '  |____| .__|_| |_|_| |_\__, | / / / /
 =========|_|==============|___/=/_/_/_/
 :: Spring Boot ::                (v3.2.6)

2026-05-05T14:05:47.391+03:00  INFO 16148 --- [           main] com.busgo.BusgoApplication               : Starting BusgoApplication using Java 24.0.2 with PID 16148 (C:\Users\ASUS\bus-ticket-system\backend-app\target\classes started by ASUS in C:\Users\ASUS\bus-ticket-system\backend-app)
2026-05-05T14:05:47.393+03:00  INFO 16148 --- [           main] com.busgo.BusgoApplication               : No active profile set, falling back to 1 default profile: "default"
2026-05-05T14:05:47.394+03:00 DEBUG 16148 --- [           main] o.s.boot.SpringApplication               : Loading source class com.busgo.BusgoApplication
2026-05-05T14:05:47.444+03:00 DEBUG 16148 --- [           main] ConfigServletWebServerApplicationContext : Refreshing org.springframework.boot.web.servlet.context.AnnotationConfigServletWebServerApplicationContext@5456afaa
2026-05-05T14:05:48.112+03:00  INFO 16148 --- [           main] .s.d.r.c.RepositoryConfigurationDelegate : Bootstrapping Spring Data JPA repositories in DEFAULT mode.
2026-05-05T14:05:48.132+03:00 DEBUG 16148 --- [           main] o.s.b.a.AutoConfigurationPackages        : @EnableAutoConfiguration was declared on a class in the package 'com.busgo'. Automatic @Repository and @Entity scanning is enabled.
2026-05-05T14:05:48.191+03:00  INFO 16148 --- [           main] .s.d.r.c.RepositoryConfigurationDelegate : Finished Spring Data repository scanning in 70 ms. Found 10 JPA repository interfaces.
WARNING: A restricted method in java.lang.System has been called
WARNING: java.lang.System::load has been called by org.apache.tomcat.jni.Library in an unnamed module (file:/C:/Users/ASUS/.m2/repository/org/apache/tomcat/embed/tomcat-embed-core/10.1.24/tomcat-embed-core-10.1.24.jar)
WARNING: Use --enable-native-access=ALL-UNNAMED to avoid a warning for callers in this module
WARNING: Restricted methods will be blocked in a future release unless native access is enabled

2026-05-05T14:05:48.750+03:00 DEBUG 16148 --- [           main] .s.b.w.e.t.TomcatServletWebServerFactory : Code archive: C:\Users\ASUS\.m2\repository\org\springframework\boot\spring-boot\3.2.6\spring-boot-3.2.6.jar
2026-05-05T14:05:48.751+03:00 DEBUG 16148 --- [           main] .s.b.w.e.t.TomcatServletWebServerFactory : Code archive: C:\Users\ASUS\.m2\repository\org\springframework\boot\spring-boot\3.2.6\spring-boot-3.2.6.jar
2026-05-05T14:05:48.752+03:00 DEBUG 16148 --- [           main] .s.b.w.e.t.TomcatServletWebServerFactory : None of the document roots [src/main/webapp, public, static] point to a directory and will be ignored.
2026-05-05T14:05:48.779+03:00  INFO 16148 --- [           main] o.s.b.w.embedded.tomcat.TomcatWebServer  : Tomcat initialized with port 8080 (http)
2026-05-05T14:05:48.797+03:00  INFO 16148 --- [           main] o.apache.catalina.core.StandardService   : Starting service [Tomcat]
2026-05-05T14:05:48.798+03:00  INFO 16148 --- [           main] o.apache.catalina.core.StandardEngine    : Starting Servlet engine: [Apache Tomcat/10.1.24]
2026-05-05T14:05:48.873+03:00  INFO 16148 --- [           main] o.a.c.c.C.[Tomcat].[localhost].[/]       : Initializing Spring embedded WebApplicationContext
2026-05-05T14:05:48.874+03:00 DEBUG 16148 --- [           main] w.s.c.ServletWebServerApplicationContext : Published root WebApplicationContext as ServletContext attribute with name [org.springframework.web.context.WebApplicationContext.ROOT]
2026-05-05T14:05:48.875+03:00  INFO 16148 --- [           main] w.s.c.ServletWebServerApplicationContext : Root WebApplicationContext: initialization completed in 1431 ms
2026-05-05T14:05:48.886+03:00 DEBUG 16148 --- [           main] o.s.b.w.s.ServletContextInitializerBeans : Mapping filters: characterEncodingFilter urls=[/*] order=-2147483648, formContentFilter urls=[/*] order=-9900, requestContextFilter urls=[/*] order=-105
2026-05-05T14:05:48.887+03:00 DEBUG 16148 --- [           main] o.s.b.w.s.ServletContextInitializerBeans : Mapping servlets: dispatcherServlet urls=[/]
2026-05-05T14:05:48.917+03:00 DEBUG 16148 --- [           main] o.s.b.w.s.f.OrderedRequestContextFilter  : Filter 'requestContextFilter' configured for use
2026-05-05T14:05:48.919+03:00 DEBUG 16148 --- [           main] s.b.w.s.f.OrderedCharacterEncodingFilter : Filter 'characterEncodingFilter' configured for use
2026-05-05T14:05:48.919+03:00 DEBUG 16148 --- [           main] o.s.b.w.s.f.OrderedFormContentFilter     : Filter 'formContentFilter' configured for use
2026-05-05T14:05:49.038+03:00  INFO 16148 --- [           main] o.hibernate.jpa.internal.util.LogHelper  : HHH000204: Processing PersistenceUnitInfo [name: default]
2026-05-05T14:05:49.125+03:00  INFO 16148 --- [           main] org.hibernate.Version                    : HHH000412: Hibernate ORM core version 6.4.8.Final
2026-05-05T14:05:49.174+03:00  INFO 16148 --- [           main] o.h.c.internal.RegionFactoryInitiator    : HHH000026: Second-level cache disabled
2026-05-05T14:05:49.481+03:00  INFO 16148 --- [           main] o.s.o.j.p.SpringPersistenceUnitInfo      : No LoadTimeWeaver setup: ignoring JPA class transformer
2026-05-05T14:05:49.516+03:00  INFO 16148 --- [           main] com.zaxxer.hikari.HikariDataSource       : HikariPool-1 - Starting...
2026-05-05T14:05:49.776+03:00  INFO 16148 --- [           main] com.zaxxer.hikari.pool.HikariPool        : HikariPool-1 - Added connection com.mysql.cj.jdbc.ConnectionImpl@163e8949
2026-05-05T14:05:49.778+03:00  INFO 16148 --- [           main] com.zaxxer.hikari.HikariDataSource       : HikariPool-1 - Start completed.
2026-05-05T14:05:49.928+03:00  WARN 16148 --- [           main] org.hibernate.orm.incubating             : HHH90006001: Encountered incubating setting [hibernate.type.preferred_uuid_jdbc_type].  See javadoc on corresponding `org.hibernate.cfg.AvailableSettings` constant for details.
2026-05-05T14:05:50.158+03:00  WARN 16148 --- [           main] org.hibernate.orm.incubating             : HHH90006001: Encountered incubating setting [hibernate.type.preferred_uuid_jdbc_type].  See javadoc on corresponding `org.hibernate.cfg.AvailableSettings` constant for details.
2026-05-05T14:05:50.975+03:00  INFO 16148 --- [           main] o.h.e.t.j.p.i.JtaPlatformInitiator       : HHH000489: No JTA platform available (set 'hibernate.transaction.jta.platform' to enable JTA platform integration)
2026-05-05T14:05:51.169+03:00  INFO 16148 --- [           main] j.LocalContainerEntityManagerFactoryBean : Initialized JPA EntityManagerFactory for persistence unit 'default'
2026-05-05T14:05:52.050+03:00 DEBUG 16148 --- [           main] s.w.s.m.m.a.RequestMappingHandlerMapping : 29 mappings in 'requestMappingHandlerMapping'
2026-05-05T14:05:52.083+03:00 DEBUG 16148 --- [           main] o.s.w.s.handler.SimpleUrlHandlerMapping  : Patterns [/webjars/**, /**] in 'resourceHandlerMapping'
2026-05-05T14:05:52.115+03:00 DEBUG 16148 --- [           main] s.w.s.m.m.a.RequestMappingHandlerAdapter : ControllerAdvice beans: 0 @ModelAttribute, 0 @InitBinder, 1 RequestBodyAdvice, 1 ResponseBodyAdvice
2026-05-05T14:05:52.150+03:00 DEBUG 16148 --- [           main] .m.m.a.ExceptionHandlerExceptionResolver : ControllerAdvice beans: 1 @ExceptionHandler, 1 ResponseBodyAdvice
2026-05-05T14:05:52.261+03:00  INFO 16148 --- [           main] o.s.b.w.embedded.tomcat.TomcatWebServer  : Tomcat started on port 8080 (http) with context path ''
2026-05-05T14:05:52.269+03:00 DEBUG 16148 --- [           main] .s.b.a.l.ConditionEvaluationReportLogger : 


============================
CONDITIONS EVALUATION REPORT
============================


Positive matches:
-----------------

   AopAutoConfiguration matched:
      - @ConditionalOnProperty (spring.aop.auto=true) matched (OnPropertyCondition)

   AopAutoConfiguration.AspectJAutoProxyingConfiguration matched:
      - @ConditionalOnClass found required class 'org.aspectj.weaver.Advice' (OnClassCondition)

   AopAutoConfiguration.AspectJAutoProxyingConfiguration.CglibAutoProxyConfiguration matched:
      - @ConditionalOnProperty (spring.aop.proxy-target-class=true) matched (OnPropertyCondition)

   ApplicationAvailabilityAutoConfiguration#applicationAvailability matched:
      - @ConditionalOnMissingBean (types: org.springframework.boot.availability.ApplicationAvailability; SearchStrategy: all) did not find any beans (OnBeanCondition)

   DataSourceAutoConfiguration matched:
      - @ConditionalOnClass found required classes 'javax.sql.DataSource', 'org.springframework.jdbc.datasource.embedded.EmbeddedDatabaseType' (OnClassCondition)
      - @ConditionalOnMissingBean (types: io.r2dbc.spi.ConnectionFactory; SearchStrategy: all) did not find any beans (OnBeanCondition)

   DataSourceAutoConfiguration.PooledDataSourceConfiguration matched:
      - AnyNestedCondition 1 matched 1 did not; NestedCondition on DataSourceAutoConfiguration.PooledDataSourceCondition.PooledDataSourceAvailable PooledDataSource found supported DataSource; NestedCondition on DataSourceAutoConfiguration.PooledDataSourceCondition.ExplicitType @ConditionalOnProperty (spring.datasource.type) did not find property 'type' (DataSourceAutoConfiguration.PooledDataSourceCondition)
      - @ConditionalOnMissingBean (types: javax.sql.DataSource,javax.sql.XADataSource; SearchStrategy: all) did not find any beans (OnBeanCondition)

   DataSourceAutoConfiguration.PooledDataSourceConfiguration#jdbcConnectionDetails matched:
      - @ConditionalOnMissingBean (types: org.springframework.boot.autoconfigure.jdbc.JdbcConnectionDetails; SearchStrategy: all) did not find any beans (OnBeanCondition)

   DataSourceConfiguration.Hikari matched:
      - @ConditionalOnClass found required class 'com.zaxxer.hikari.HikariDataSource' (OnClassCondition)
      - @ConditionalOnProperty (spring.datasource.type=com.zaxxer.hikari.HikariDataSource) matched (OnPropertyCondition)
      - @ConditionalOnMissingBean (types: javax.sql.DataSource; SearchStrategy: all) did not find any beans (OnBeanCondition)

   DataSourceInitializationConfiguration matched:
      - @ConditionalOnClass found required class 'org.springframework.jdbc.datasource.init.DatabasePopulator' (OnClassCondition)
      - @ConditionalOnSingleCandidate (types: javax.sql.DataSource; SearchStrategy: all) found a single bean 'dataSource'; @ConditionalOnMissingBean (types: org.springframework.boot.autoconfigure.sql.init.SqlDataSourceScriptDatabaseInitializer,org.springframework.boot.autoconfigure.sql.init.SqlR2dbcScriptDatabaseInitializer; SearchStrategy: all) did not find any beans (OnBeanCondition)

   DataSourceJmxConfiguration matched:
      - @ConditionalOnProperty (spring.jmx.enabled=true) matched (OnPropertyCondition)

   DataSourceJmxConfiguration.Hikari matched:
      - @ConditionalOnClass found required class 'com.zaxxer.hikari.HikariDataSource' (OnClassCondition)
      - @ConditionalOnSingleCandidate (types: javax.sql.DataSource; SearchStrategy: all) found a single bean 'dataSource' (OnBeanCondition)

   DataSourcePoolMetadataProvidersConfiguration.HikariPoolDataSourceMetadataProviderConfiguration matched:
      - @ConditionalOnClass found required class 'com.zaxxer.hikari.HikariDataSource' (OnClassCondition)

   DataSourceTransactionManagerAutoConfiguration matched:
      - @ConditionalOnClass found required classes 'org.springframework.jdbc.core.JdbcTemplate', 'org.springframework.transaction.TransactionManager' (OnClassCondition)

   DataSourceTransactionManagerAutoConfiguration.JdbcTransactionManagerConfiguration matched:
      - @ConditionalOnSingleCandidate (types: javax.sql.DataSource; SearchStrategy: all) found a single bean 'dataSource' (OnBeanCondition)

   DispatcherServletAutoConfiguration matched:
      - @ConditionalOnClass found required class 'org.springframework.web.servlet.DispatcherServlet' (OnClassCondition)
      - found 'session' scope (OnWebApplicationCondition)

   DispatcherServletAutoConfiguration.DispatcherServletConfiguration matched:
      - @ConditionalOnClass found required class 'jakarta.servlet.ServletRegistration' (OnClassCondition)
      - Default DispatcherServlet did not find dispatcher servlet beans (DispatcherServletAutoConfiguration.DefaultDispatcherServletCondition)

   DispatcherServletAutoConfiguration.DispatcherServletRegistrationConfiguration matched:
      - @ConditionalOnClass found required class 'jakarta.servlet.ServletRegistration' (OnClassCondition)
      - DispatcherServlet Registration did not find servlet registration bean (DispatcherServletAutoConfiguration.DispatcherServletRegistrationCondition)

   DispatcherServletAutoConfiguration.DispatcherServletRegistrationConfiguration#dispatcherServletRegistration matched:
      - @ConditionalOnBean (names: dispatcherServlet types: org.springframework.web.servlet.DispatcherServlet; SearchStrategy: all) found bean 'dispatcherServlet' (OnBeanCondition)

   EmbeddedWebServerFactoryCustomizerAutoConfiguration matched:
      - @ConditionalOnWebApplication (required) found 'session' scope (OnWebApplicationCondition)
      - @ConditionalOnWarDeployment the application is not deployed as a WAR file. (OnWarDeploymentCondition)

   EmbeddedWebServerFactoryCustomizerAutoConfiguration.TomcatWebServerFactoryCustomizerConfiguration matched:
      - @ConditionalOnClass found required classes 'org.apache.catalina.startup.Tomcat', 'org.apache.coyote.UpgradeProtocol' (OnClassCondition)

   ErrorMvcAutoConfiguration matched:
      - @ConditionalOnClass found required classes 'jakarta.servlet.Servlet', 'org.springframework.web.servlet.DispatcherServlet' (OnClassCondition)
      - found 'session' scope (OnWebApplicationCondition)

   ErrorMvcAutoConfiguration#basicErrorController matched:
      - @ConditionalOnMissingBean (types: org.springframework.boot.web.servlet.error.ErrorController; SearchStrategy: current) did not find any beans (OnBeanCondition)

   ErrorMvcAutoConfiguration#errorAttributes matched:
      - @ConditionalOnMissingBean (types: org.springframework.boot.web.servlet.error.ErrorAttributes; SearchStrategy: current) did not find any beans (OnBeanCondition)

   ErrorMvcAutoConfiguration.DefaultErrorViewResolverConfiguration#conventionErrorViewResolver matched:
      - @ConditionalOnBean (types: org.springframework.web.servlet.DispatcherServlet; SearchStrategy: all) found bean 'dispatcherServlet'; @ConditionalOnMissingBean (types: org.springframework.boot.autoconfigure.web.servlet.error.ErrorViewResolver; SearchStrategy: all) did not find any beans (OnBeanCondition)

   ErrorMvcAutoConfiguration.WhitelabelErrorViewConfiguration matched:
      - @ConditionalOnProperty (server.error.whitelabel.enabled) matched (OnPropertyCondition)
      - ErrorTemplate Missing did not find error template view (ErrorMvcAutoConfiguration.ErrorTemplateMissingCondition)

   ErrorMvcAutoConfiguration.WhitelabelErrorViewConfiguration#beanNameViewResolver matched:
      - @ConditionalOnMissingBean (types: org.springframework.web.servlet.view.BeanNameViewResolver; SearchStrategy: all) did not find any beans (OnBeanCondition)

   ErrorMvcAutoConfiguration.WhitelabelErrorViewConfiguration#defaultErrorView matched:
      - @ConditionalOnMissingBean (names: error; SearchStrategy: all) did not find any beans (OnBeanCondition)

   GenericCacheConfiguration matched:
      - Cache org.springframework.boot.autoconfigure.cache.GenericCacheConfiguration automatic cache type (CacheCondition)

   HibernateJpaAutoConfiguration matched:
      - @ConditionalOnClass found required classes 'org.springframework.orm.jpa.LocalContainerEntityManagerFactoryBean', 'jakarta.persistence.EntityManager', 'org.hibernate.engine.spi.SessionImplementor' (OnClassCondition)

   HibernateJpaConfiguration matched:
      - @ConditionalOnSingleCandidate (types: javax.sql.DataSource; SearchStrategy: all) found a single bean 'dataSource' (OnBeanCondition)

   HttpEncodingAutoConfiguration matched:
      - @ConditionalOnClass found required class 'org.springframework.web.filter.CharacterEncodingFilter' (OnClassCondition)
      - found 'session' scope (OnWebApplicationCondition)
      - @ConditionalOnProperty (server.servlet.encoding.enabled) matched (OnPropertyCondition)

   HttpEncodingAutoConfiguration#characterEncodingFilter matched:
      - @ConditionalOnMissingBean (types: org.springframework.web.filter.CharacterEncodingFilter; SearchStrategy: all) did not find any beans (OnBeanCondition)

   HttpMessageConvertersAutoConfiguration matched:
      - @ConditionalOnClass found required class 'org.springframework.http.converter.HttpMessageConverter' (OnClassCondition)
      - NoneNestedConditions 0 matched 1 did not; NestedCondition on HttpMessageConvertersAutoConfiguration.NotReactiveWebApplicationCondition.ReactiveWebApplication did not find reactive web application classes (HttpMessageConvertersAutoConfiguration.NotReactiveWebApplicationCondition)

   HttpMessageConvertersAutoConfiguration#messageConverters matched:
      - @ConditionalOnMissingBean (types: org.springframework.boot.autoconfigure.http.HttpMessageConverters; SearchStrategy: all) did not find any beans (OnBeanCondition)

   HttpMessageConvertersAutoConfiguration.StringHttpMessageConverterConfiguration matched:
      - @ConditionalOnClass found required class 'org.springframework.http.converter.StringHttpMessageConverter' (OnClassCondition)

   HttpMessageConvertersAutoConfiguration.StringHttpMessageConverterConfiguration#stringHttpMessageConverter matched:
      - @ConditionalOnMissingBean (types: org.springframework.http.converter.StringHttpMessageConverter; SearchStrategy: all) did not find any beans (OnBeanCondition)

   JacksonAutoConfiguration matched:
      - @ConditionalOnClass found required class 'com.fasterxml.jackson.databind.ObjectMapper' (OnClassCondition)

   JacksonAutoConfiguration.Jackson2ObjectMapperBuilderCustomizerConfiguration matched:
      - @ConditionalOnClass found required class 'org.springframework.http.converter.json.Jackson2ObjectMapperBuilder' (OnClassCondition)

   JacksonAutoConfiguration.JacksonObjectMapperBuilderConfiguration matched:
      - @ConditionalOnClass found required class 'org.springframework.http.converter.json.Jackson2ObjectMapperBuilder' (OnClassCondition)

   JacksonAutoConfiguration.JacksonObjectMapperBuilderConfiguration#jacksonObjectMapperBuilder matched:
      - @ConditionalOnMissingBean (types: org.springframework.http.converter.json.Jackson2ObjectMapperBuilder; SearchStrategy: all) did not find any beans (OnBeanCondition)

   JacksonAutoConfiguration.JacksonObjectMapperConfiguration matched:
      - @ConditionalOnClass found required class 'org.springframework.http.converter.json.Jackson2ObjectMapperBuilder' (OnClassCondition)

   JacksonAutoConfiguration.JacksonObjectMapperConfiguration#jacksonObjectMapper matched:
      - @ConditionalOnMissingBean (types: com.fasterxml.jackson.databind.ObjectMapper; SearchStrategy: all) did not find any beans (OnBeanCondition)

   JacksonAutoConfiguration.ParameterNamesModuleConfiguration matched:
      - @ConditionalOnClass found required class 'com.fasterxml.jackson.module.paramnames.ParameterNamesModule' (OnClassCondition)

   JacksonAutoConfiguration.ParameterNamesModuleConfiguration#parameterNamesModule matched:
      - @ConditionalOnMissingBean (types: com.fasterxml.jackson.module.paramnames.ParameterNamesModule; SearchStrategy: all) did not find any beans (OnBeanCondition)

   JacksonHttpMessageConvertersConfiguration.MappingJackson2HttpMessageConverterConfiguration matched:
      - @ConditionalOnClass found required class 'com.fasterxml.jackson.databind.ObjectMapper' (OnClassCondition)
      - @ConditionalOnProperty (spring.mvc.converters.preferred-json-mapper=jackson) matched (OnPropertyCondition)
      - @ConditionalOnBean (types: com.fasterxml.jackson.databind.ObjectMapper; SearchStrategy: all) found bean 'jacksonObjectMapper' (OnBeanCondition)

   JacksonHttpMessageConvertersConfiguration.MappingJackson2HttpMessageConverterConfiguration#mappingJackson2HttpMessageConverter matched:
      - @ConditionalOnMissingBean (types: org.springframework.http.converter.json.MappingJackson2HttpMessageConverter ignored: org.springframework.hateoas.server.mvc.TypeConstrainedMappingJackson2HttpMessageConverter,org.springframework.data.rest.webmvc.alps.AlpsJsonHttpMessageConverter; SearchStrategy: all) did not find any beans (OnBeanCondition)

   JdbcClientAutoConfiguration matched:
      - @ConditionalOnSingleCandidate (types: org.springframework.jdbc.core.namedparam.NamedParameterJdbcTemplate; SearchStrategy: all) found a single bean 'namedParameterJdbcTemplate'; @ConditionalOnMissingBean (types: org.springframework.jdbc.core.simple.JdbcClient; SearchStrategy: all) did not find any beans (OnBeanCondition)

   JdbcTemplateAutoConfiguration matched:
      - @ConditionalOnClass found required classes 'javax.sql.DataSource', 'org.springframework.jdbc.core.JdbcTemplate' (OnClassCondition)
      - @ConditionalOnSingleCandidate (types: javax.sql.DataSource; SearchStrategy: all) found a single bean 'dataSource' (OnBeanCondition)

   JdbcTemplateConfiguration matched:
      - @ConditionalOnMissingBean (types: org.springframework.jdbc.core.JdbcOperations; SearchStrategy: all) did not find any beans (OnBeanCondition)

   JpaBaseConfiguration#entityManagerFactory matched:
      - @ConditionalOnMissingBean (types: org.springframework.orm.jpa.LocalContainerEntityManagerFactoryBean,jakarta.persistence.EntityManagerFactory; SearchStrategy: all) did not find any beans (OnBeanCondition)

   JpaBaseConfiguration#entityManagerFactoryBuilder matched:
      - @ConditionalOnMissingBean (types: org.springframework.boot.orm.jpa.EntityManagerFactoryBuilder; SearchStrategy: all) did not find any beans (OnBeanCondition)

   JpaBaseConfiguration#jpaVendorAdapter matched:
      - @ConditionalOnMissingBean (types: org.springframework.orm.jpa.JpaVendorAdapter; SearchStrategy: all) did not find any beans (OnBeanCondition)

   JpaBaseConfiguration#transactionManager matched:
      - @ConditionalOnMissingBean (types: org.springframework.transaction.TransactionManager; SearchStrategy: all) did not find any beans (OnBeanCondition)

   JpaBaseConfiguration.PersistenceManagedTypesConfiguration matched:
      - @ConditionalOnMissingBean (types: org.springframework.orm.jpa.LocalContainerEntityManagerFactoryBean,jakarta.persistence.EntityManagerFactory; SearchStrategy: all) did not find any beans (OnBeanCondition)

   JpaBaseConfiguration.PersistenceManagedTypesConfiguration#persistenceManagedTypes matched:
      - @ConditionalOnMissingBean (types: org.springframework.orm.jpa.persistenceunit.PersistenceManagedTypes; SearchStrategy: all) did not find any beans (OnBeanCondition)

   JpaRepositoriesAutoConfiguration matched:
      - @ConditionalOnClass found required class 'org.springframework.data.jpa.repository.JpaRepository' (OnClassCondition)
      - @ConditionalOnProperty (spring.data.jpa.repositories.enabled=true) matched (OnPropertyCondition)
      - @ConditionalOnBean (types: javax.sql.DataSource; SearchStrategy: all) found bean 'dataSource'; @ConditionalOnMissingBean (types: org.springframework.data.jpa.repository.support.JpaRepositoryFactoryBean,org.springframework.data.jpa.repository.config.JpaRepositoryConfigExtension; SearchStrategy: all) did not find any beans (OnBeanCondition)

   JtaAutoConfiguration matched:
      - @ConditionalOnClass found required class 'jakarta.transaction.Transaction' (OnClassCondition)
      - @ConditionalOnProperty (spring.jta.enabled) matched (OnPropertyCondition)

   LifecycleAutoConfiguration#defaultLifecycleProcessor matched:
      - @ConditionalOnMissingBean (names: lifecycleProcessor; SearchStrategy: current) did not find any beans (OnBeanCondition)

   MailSenderAutoConfiguration matched:
      - @ConditionalOnClass found required classes 'jakarta.mail.internet.MimeMessage', 'jakarta.activation.MimeType', 'org.springframework.mail.MailSender' (OnClassCondition)
      - AnyNestedCondition 1 matched 1 did not; NestedCondition on MailSenderAutoConfiguration.MailSenderCondition.JndiNameProperty @ConditionalOnProperty (spring.mail.jndi-name) did not find property 'jndi-name'; NestedCondition on MailSenderAutoConfiguration.MailSenderCondition.HostProperty @ConditionalOnProperty (spring.mail.host) matched (MailSenderAutoConfiguration.MailSenderCondition)
      - @ConditionalOnMissingBean (types: org.springframework.mail.MailSender; SearchStrategy: all) did not find any beans (OnBeanCondition)

   MailSenderPropertiesConfiguration matched:
      - @ConditionalOnProperty (spring.mail.host) matched (OnPropertyCondition)

   MailSenderPropertiesConfiguration#mailSender matched:
      - @ConditionalOnMissingBean (types: org.springframework.mail.javamail.JavaMailSender; SearchStrategy: all) did not find any beans (OnBeanCondition)

   MultipartAutoConfiguration matched:
      - @ConditionalOnClass found required classes 'jakarta.servlet.Servlet', 'org.springframework.web.multipart.support.StandardServletMultipartResolver', 'jakarta.servlet.MultipartConfigElement' (OnClassCondition)
      - found 'session' scope (OnWebApplicationCondition)
      - @ConditionalOnProperty (spring.servlet.multipart.enabled) matched (OnPropertyCondition)

   MultipartAutoConfiguration#multipartConfigElement matched:
      - @ConditionalOnMissingBean (types: jakarta.servlet.MultipartConfigElement; SearchStrategy: all) did not find any beans (OnBeanCondition)

   MultipartAutoConfiguration#multipartResolver matched:
      - @ConditionalOnMissingBean (types: org.springframework.web.multipart.MultipartResolver; SearchStrategy: all) did not find any beans (OnBeanCondition)

   NamedParameterJdbcTemplateConfiguration matched:
      - @ConditionalOnSingleCandidate (types: org.springframework.jdbc.core.JdbcTemplate; SearchStrategy: all) found a single bean 'jdbcTemplate'; @ConditionalOnMissingBean (types: org.springframework.jdbc.core.namedparam.NamedParameterJdbcOperations; SearchStrategy: all) did not find any beans (OnBeanCondition)

   NoOpCacheConfiguration matched:
      - Cache org.springframework.boot.autoconfigure.cache.NoOpCacheConfiguration automatic cache type (CacheCondition)

   PersistenceExceptionTranslationAutoConfiguration matched:
      - @ConditionalOnClass found required class 'org.springframework.dao.annotation.PersistenceExceptionTranslationPostProcessor' (OnClassCondition)

   PersistenceExceptionTranslationAutoConfiguration#persistenceExceptionTranslationPostProcessor matched:
      - @ConditionalOnProperty (spring.dao.exceptiontranslation.enabled) matched (OnPropertyCondition)
      - @ConditionalOnMissingBean (types: org.springframework.dao.annotation.PersistenceExceptionTranslationPostProcessor; SearchStrategy: all) did not find any beans (OnBeanCondition)

   PropertyPlaceholderAutoConfiguration#propertySourcesPlaceholderConfigurer matched:
      - @ConditionalOnMissingBean (types: org.springframework.context.support.PropertySourcesPlaceholderConfigurer; SearchStrategy: current) did not find any beans (OnBeanCondition)

   RestClientAutoConfiguration matched:
      - @ConditionalOnClass found required class 'org.springframework.web.client.RestClient' (OnClassCondition)
      - NoneNestedConditions 0 matched 1 did not; NestedCondition on NotReactiveWebApplicationCondition.ReactiveWebApplication did not find reactive web application classes (NotReactiveWebApplicationCondition)

   RestClientAutoConfiguration#httpMessageConvertersRestClientCustomizer matched:
      - @ConditionalOnMissingBean (types: org.springframework.boot.autoconfigure.web.client.HttpMessageConvertersRestClientCustomizer; SearchStrategy: all) did not find any beans (OnBeanCondition)

   RestClientAutoConfiguration#restClientBuilder matched:
      - @ConditionalOnMissingBean (types: org.springframework.web.client.RestClient$Builder; SearchStrategy: all) did not find any beans (OnBeanCondition)

   RestClientAutoConfiguration#restClientBuilderConfigurer matched:
      - @ConditionalOnMissingBean (types: org.springframework.boot.autoconfigure.web.client.RestClientBuilderConfigurer; SearchStrategy: all) did not find any beans (OnBeanCondition)

   RestClientAutoConfiguration#restClientSsl matched:
      - @ConditionalOnBean (types: org.springframework.boot.ssl.SslBundles; SearchStrategy: all) found bean 'sslBundleRegistry'; @ConditionalOnMissingBean (types: org.springframework.boot.autoconfigure.web.client.RestClientSsl; SearchStrategy: all) did not find any beans (OnBeanCondition)

   RestTemplateAutoConfiguration matched:
      - @ConditionalOnClass found required class 'org.springframework.web.client.RestTemplate' (OnClassCondition)
      - NoneNestedConditions 0 matched 1 did not; NestedCondition on NotReactiveWebApplicationCondition.ReactiveWebApplication did not find reactive web application classes (NotReactiveWebApplicationCondition)

   RestTemplateAutoConfiguration#restTemplateBuilder matched:
      - @ConditionalOnMissingBean (types: org.springframework.boot.web.client.RestTemplateBuilder; SearchStrategy: all) did not find any beans (OnBeanCondition)

   ServletWebServerFactoryAutoConfiguration matched:
      - @ConditionalOnClass found required class 'jakarta.servlet.ServletRequest' (OnClassCondition)
      - found 'session' scope (OnWebApplicationCondition)

   ServletWebServerFactoryAutoConfiguration#tomcatServletWebServerFactoryCustomizer matched:
      - @ConditionalOnClass found required class 'org.apache.catalina.startup.Tomcat' (OnClassCondition)

   ServletWebServerFactoryConfiguration.EmbeddedTomcat matched:
      - @ConditionalOnClass found required classes 'jakarta.servlet.Servlet', 'org.apache.catalina.startup.Tomcat', 'org.apache.coyote.UpgradeProtocol' (OnClassCondition)
      - @ConditionalOnMissingBean (types: org.springframework.boot.web.servlet.server.ServletWebServerFactory; SearchStrategy: current) did not find any beans (OnBeanCondition)

   SimpleCacheConfiguration matched:
      - Cache org.springframework.boot.autoconfigure.cache.SimpleCacheConfiguration automatic cache type (CacheCondition)

   SpringDataWebAutoConfiguration matched:
      - @ConditionalOnClass found required classes 'org.springframework.data.web.PageableHandlerMethodArgumentResolver', 'org.springframework.web.servlet.config.annotation.WebMvcConfigurer' (OnClassCondition)
      - found 'session' scope (OnWebApplicationCondition)
      - @ConditionalOnMissingBean (types: org.springframework.data.web.PageableHandlerMethodArgumentResolver; SearchStrategy: all) did not find any beans (OnBeanCondition)

   SpringDataWebAutoConfiguration#pageableCustomizer matched:
      - @ConditionalOnMissingBean (types: org.springframework.data.web.config.PageableHandlerMethodArgumentResolverCustomizer; SearchStrategy: all) did not find any beans (OnBeanCondition)

   SpringDataWebAutoConfiguration#sortCustomizer matched:
      - @ConditionalOnMissingBean (types: org.springframework.data.web.config.SortHandlerMethodArgumentResolverCustomizer; SearchStrategy: all) did not find any beans (OnBeanCondition)

   SqlInitializationAutoConfiguration matched:
      - @ConditionalOnProperty (spring.sql.init.enabled) matched (OnPropertyCondition)
      - NoneNestedConditions 0 matched 1 did not; NestedCondition on SqlInitializationAutoConfiguration.SqlInitializationModeCondition.ModeIsNever @ConditionalOnProperty (spring.sql.init.mode=never) did not find property 'mode' (SqlInitializationAutoConfiguration.SqlInitializationModeCondition)

   SslAutoConfiguration#sslBundleRegistry matched:
      - @ConditionalOnMissingBean (types: org.springframework.boot.ssl.SslBundleRegistry,org.springframework.boot.ssl.SslBundles; SearchStrategy: all) did not find any beans (OnBeanCondition)

   TaskExecutionAutoConfiguration matched:
      - @ConditionalOnClass found required class 'org.springframework.scheduling.concurrent.ThreadPoolTaskExecutor' (OnClassCondition)

   TaskExecutorConfigurations.SimpleAsyncTaskExecutorBuilderConfiguration#simpleAsyncTaskExecutorBuilder matched:
      - @ConditionalOnMissingBean (types: org.springframework.boot.task.SimpleAsyncTaskExecutorBuilder; SearchStrategy: all) did not find any beans (OnBeanCondition)
      - @ConditionalOnThreading found PLATFORM (OnThreadingCondition)

   TaskExecutorConfigurations.TaskExecutorBuilderConfiguration#taskExecutorBuilder matched:
      - @ConditionalOnMissingBean (types: org.springframework.boot.task.TaskExecutorBuilder; SearchStrategy: all) did not find any beans (OnBeanCondition)

   TaskExecutorConfigurations.TaskExecutorConfiguration matched:
      - @ConditionalOnMissingBean (types: java.util.concurrent.Executor; SearchStrategy: all) did not find any beans (OnBeanCondition)

   TaskExecutorConfigurations.TaskExecutorConfiguration#applicationTaskExecutor matched:
      - @ConditionalOnThreading found PLATFORM (OnThreadingCondition)

   TaskExecutorConfigurations.ThreadPoolTaskExecutorBuilderConfiguration#threadPoolTaskExecutorBuilder matched:
      - @ConditionalOnMissingBean (types: org.springframework.boot.task.TaskExecutorBuilder,org.springframework.boot.task.ThreadPoolTaskExecutorBuilder; SearchStrategy: all) did not find any beans (OnBeanCondition)

   TaskSchedulingAutoConfiguration matched:
      - @ConditionalOnClass found required class 'org.springframework.scheduling.concurrent.ThreadPoolTaskScheduler' (OnClassCondition)

   TaskSchedulingConfigurations.SimpleAsyncTaskSchedulerBuilderConfiguration#simpleAsyncTaskSchedulerBuilder matched:
      - @ConditionalOnMissingBean (types: org.springframework.boot.task.SimpleAsyncTaskSchedulerBuilder; SearchStrategy: all) did not find any beans (OnBeanCondition)
      - @ConditionalOnThreading found PLATFORM (OnThreadingCondition)

   TaskSchedulingConfigurations.TaskSchedulerBuilderConfiguration#taskSchedulerBuilder matched:
      - @ConditionalOnMissingBean (types: org.springframework.boot.task.TaskSchedulerBuilder; SearchStrategy: all) did not find any beans (OnBeanCondition)

   TaskSchedulingConfigurations.ThreadPoolTaskSchedulerBuilderConfiguration#threadPoolTaskSchedulerBuilder matched:
      - @ConditionalOnMissingBean (types: org.springframework.boot.task.TaskSchedulerBuilder,org.springframework.boot.task.ThreadPoolTaskSchedulerBuilder; SearchStrategy: all) did not find any beans (OnBeanCondition)

   TransactionAutoConfiguration matched:
      - @ConditionalOnClass found required class 'org.springframework.transaction.PlatformTransactionManager' (OnClassCondition)

   TransactionAutoConfiguration.EnableTransactionManagementConfiguration matched:
      - @ConditionalOnBean (types: org.springframework.transaction.TransactionManager; SearchStrategy: all) found bean 'transactionManager'; @ConditionalOnMissingBean (types: org.springframework.transaction.annotation.AbstractTransactionManagementConfiguration; SearchStrategy: all) did not find any beans (OnBeanCondition)

   TransactionAutoConfiguration.EnableTransactionManagementConfiguration.CglibAutoProxyConfiguration matched:
      - @ConditionalOnProperty (spring.aop.proxy-target-class=true) matched (OnPropertyCondition)

   TransactionAutoConfiguration.TransactionTemplateConfiguration matched:
      - @ConditionalOnSingleCandidate (types: org.springframework.transaction.PlatformTransactionManager; SearchStrategy: all) found a single bean 'transactionManager' (OnBeanCondition)

   TransactionAutoConfiguration.TransactionTemplateConfiguration#transactionTemplate matched:
      - @ConditionalOnMissingBean (types: org.springframework.transaction.support.TransactionOperations; SearchStrategy: all) did not find any beans (OnBeanCondition)

   TransactionManagerCustomizationAutoConfiguration matched:
      - @ConditionalOnClass found required class 'org.springframework.transaction.PlatformTransactionManager' (OnClassCondition)

   TransactionManagerCustomizationAutoConfiguration#platformTransactionManagerCustomizers matched:
      - @ConditionalOnMissingBean (types: org.springframework.boot.autoconfigure.transaction.TransactionManagerCustomizers; SearchStrategy: all) did not find any beans (OnBeanCondition)

   ValidationAutoConfiguration matched:
      - @ConditionalOnClass found required class 'jakarta.validation.executable.ExecutableValidator' (OnClassCondition)
      - @ConditionalOnResource found location classpath:META-INF/services/jakarta.validation.spi.ValidationProvider (OnResourceCondition)

   ValidationAutoConfiguration#defaultValidator matched:
      - @ConditionalOnMissingBean (types: jakarta.validation.Validator; SearchStrategy: all) did not find any beans (OnBeanCondition)

   ValidationAutoConfiguration#methodValidationPostProcessor matched:
      - @ConditionalOnMissingBean (types: org.springframework.validation.beanvalidation.MethodValidationPostProcessor; SearchStrategy: current) did not find any beans (OnBeanCondition)

   WebMvcAutoConfiguration matched:
      - @ConditionalOnClass found required classes 'jakarta.servlet.Servlet', 'org.springframework.web.servlet.DispatcherServlet', 'org.springframework.web.servlet.config.annotation.WebMvcConfigurer' (OnClassCondition)
      - found 'session' scope (OnWebApplicationCondition)
      - @ConditionalOnMissingBean (types: org.springframework.web.servlet.config.annotation.WebMvcConfigurationSupport; SearchStrategy: all) did not find any beans (OnBeanCondition)

   WebMvcAutoConfiguration#formContentFilter matched:
      - @ConditionalOnProperty (spring.mvc.formcontent.filter.enabled) matched (OnPropertyCondition)
      - @ConditionalOnMissingBean (types: org.springframework.web.filter.FormContentFilter; SearchStrategy: all) did not find any beans (OnBeanCondition)

   WebMvcAutoConfiguration.EnableWebMvcConfiguration#flashMapManager matched:
      - @ConditionalOnMissingBean (names: flashMapManager; SearchStrategy: all) did not find any beans (OnBeanCondition)

   WebMvcAutoConfiguration.EnableWebMvcConfiguration#localeResolver matched:
      - @ConditionalOnMissingBean (names: localeResolver; SearchStrategy: all) did not find any beans (OnBeanCondition)

   WebMvcAutoConfiguration.EnableWebMvcConfiguration#themeResolver matched:
      - @ConditionalOnMissingBean (names: themeResolver; SearchStrategy: all) did not find any beans (OnBeanCondition)

   WebMvcAutoConfiguration.WebMvcAutoConfigurationAdapter#defaultViewResolver matched:
      - @ConditionalOnMissingBean (types: org.springframework.web.servlet.view.InternalResourceViewResolver; SearchStrategy: all) did not find any beans (OnBeanCondition)

   WebMvcAutoConfiguration.WebMvcAutoConfigurationAdapter#requestContextFilter matched:
      - @ConditionalOnMissingBean (types: org.springframework.web.context.request.RequestContextListener,org.springframework.web.filter.RequestContextFilter; SearchStrategy: all) did not find any beans (OnBeanCondition)

   WebMvcAutoConfiguration.WebMvcAutoConfigurationAdapter#viewResolver matched:
      - @ConditionalOnBean (types: org.springframework.web.servlet.ViewResolver; SearchStrategy: all) found beans 'defaultViewResolver', 'beanNameViewResolver', 'mvcViewResolver'; @ConditionalOnMissingBean (names: viewResolver types: org.springframework.web.servlet.view.ContentNegotiatingViewResolver; SearchStrategy: all) did not find any beans (OnBeanCondition)

   WebSocketServletAutoConfiguration matched:
      - @ConditionalOnClass found required classes 'jakarta.servlet.Servlet', 'jakarta.websocket.server.ServerContainer' (OnClassCondition)
      - found 'session' scope (OnWebApplicationCondition)

   WebSocketServletAutoConfiguration.TomcatWebSocketConfiguration matched:
      - @ConditionalOnClass found required classes 'org.apache.catalina.startup.Tomcat', 'org.apache.tomcat.websocket.server.WsSci' (OnClassCondition)

   WebSocketServletAutoConfiguration.TomcatWebSocketConfiguration#websocketServletWebServerCustomizer matched:
      - @ConditionalOnMissingBean (names: websocketServletWebServerCustomizer; SearchStrategy: all) did not find any beans (OnBeanCondition)


Negative matches:
-----------------

   ActiveMQAutoConfiguration:
      Did not match:
         - @ConditionalOnClass did not find required class 'jakarta.jms.ConnectionFactory' (OnClassCondition)

   AopAutoConfiguration.AspectJAutoProxyingConfiguration.JdkDynamicAutoProxyConfiguration:
      Did not match:
         - @ConditionalOnProperty (spring.aop.proxy-target-class=false) did not find property 'proxy-target-class' (OnPropertyCondition)

   AopAutoConfiguration.ClassProxyingConfiguration:
      Did not match:
         - @ConditionalOnMissingClass found unwanted class 'org.aspectj.weaver.Advice' (OnClassCondition)

   ArtemisAutoConfiguration:
      Did not match:
         - @ConditionalOnClass did not find required class 'jakarta.jms.ConnectionFactory' (OnClassCondition)

   BatchAutoConfiguration:
      Did not match:
         - @ConditionalOnClass did not find required class 'org.springframework.batch.core.launch.JobLauncher' (OnClassCondition)

   Cache2kCacheConfiguration:
      Did not match:
         - @ConditionalOnClass did not find required class 'org.cache2k.Cache2kBuilder' (OnClassCondition)

   CacheAutoConfiguration:
      Did not match:
         - @ConditionalOnBean (types: org.springframework.cache.interceptor.CacheAspectSupport; SearchStrategy: all) did not find any beans of type org.springframework.cache.interceptor.CacheAspectSupport (OnBeanCondition)
      Matched:
         - @ConditionalOnClass found required class 'org.springframework.cache.CacheManager' (OnClassCondition)

   CacheAutoConfiguration.CacheManagerEntityManagerFactoryDependsOnPostProcessor:
      Did not match:
         - Ancestor org.springframework.boot.autoconfigure.cache.CacheAutoConfiguration did not match (ConditionEvaluationReport.AncestorsMatchedCondition)
      Matched:
         - @ConditionalOnClass found required class 'org.springframework.orm.jpa.LocalContainerEntityManagerFactoryBean' (OnClassCondition)

   CaffeineCacheConfiguration:
      Did not match:
         - @ConditionalOnClass did not find required class 'com.github.benmanes.caffeine.cache.Caffeine' (OnClassCondition)

   CassandraAutoConfiguration:
      Did not match:
         - @ConditionalOnClass did not find required class 'com.datastax.oss.driver.api.core.CqlSession' (OnClassCondition)

   CassandraDataAutoConfiguration:
      Did not match:
         - @ConditionalOnClass did not find required class 'com.datastax.oss.driver.api.core.CqlSession' (OnClassCondition)

   CassandraReactiveDataAutoConfiguration:
      Did not match:
         - @ConditionalOnClass did not find required class 'com.datastax.oss.driver.api.core.CqlSession' (OnClassCondition)

   CassandraReactiveRepositoriesAutoConfiguration:
      Did not match:
         - @ConditionalOnClass did not find required class 'org.springframework.data.cassandra.ReactiveSession' (OnClassCondition)

   CassandraRepositoriesAutoConfiguration:
      Did not match:
         - @ConditionalOnClass did not find required class 'com.datastax.oss.driver.api.core.CqlSession' (OnClassCondition)

   ClientHttpConnectorAutoConfiguration:
      Did not match:
         - @ConditionalOnClass did not find required class 'org.springframework.web.reactive.function.client.WebClient' (OnClassCondition)

   CodecsAutoConfiguration:
      Did not match:
         - @ConditionalOnClass did not find required class 'org.springframework.web.reactive.function.client.WebClient' (OnClassCondition)

   CouchbaseAutoConfiguration:
      Did not match:
         - @ConditionalOnClass did not find required class 'com.couchbase.client.java.Cluster' (OnClassCondition)

   CouchbaseCacheConfiguration:
      Did not match:
         - @ConditionalOnClass did not find required class 'com.couchbase.client.java.Cluster' (OnClassCondition)

   CouchbaseDataAutoConfiguration:
      Did not match:
         - @ConditionalOnClass did not find required class 'com.couchbase.client.java.Bucket' (OnClassCondition)

   CouchbaseReactiveDataAutoConfiguration:
      Did not match:
         - @ConditionalOnClass did not find required class 'com.couchbase.client.java.Cluster' (OnClassCondition)

   CouchbaseReactiveRepositoriesAutoConfiguration:
      Did not match:
         - @ConditionalOnClass did not find required class 'com.couchbase.client.java.Cluster' (OnClassCondition)

   CouchbaseRepositoriesAutoConfiguration:
      Did not match:
         - @ConditionalOnClass did not find required class 'com.couchbase.client.java.Bucket' (OnClassCondition)

   DataSourceAutoConfiguration.EmbeddedDatabaseConfiguration:
      Did not match:
         - EmbeddedDataSource spring.datasource.url is set (DataSourceAutoConfiguration.EmbeddedDatabaseCondition)

   DataSourceCheckpointRestoreConfiguration:
      Did not match:
         - @ConditionalOnClass did not find required class 'org.crac.Resource' (OnClassCondition)

   DataSourceConfiguration.Dbcp2:
      Did not match:
         - @ConditionalOnClass did not find required class 'org.apache.commons.dbcp2.BasicDataSource' (OnClassCondition)

   DataSourceConfiguration.Generic:
      Did not match:
         - @ConditionalOnProperty (spring.datasource.type) did not find property 'spring.datasource.type' (OnPropertyCondition)

   DataSourceConfiguration.OracleUcp:
      Did not match:
         - @ConditionalOnClass did not find required classes 'oracle.ucp.jdbc.PoolDataSourceImpl', 'oracle.jdbc.OracleConnection' (OnClassCondition)

   DataSourceConfiguration.Tomcat:
      Did not match:
         - @ConditionalOnClass did not find required class 'org.apache.tomcat.jdbc.pool.DataSource' (OnClassCondition)

   DataSourceJmxConfiguration.TomcatDataSourceJmxConfiguration:
      Did not match:
         - @ConditionalOnClass did not find required class 'org.apache.tomcat.jdbc.pool.DataSourceProxy' (OnClassCondition)

   DataSourcePoolMetadataProvidersConfiguration.CommonsDbcp2PoolDataSourceMetadataProviderConfiguration:
      Did not match:
         - @ConditionalOnClass did not find required class 'org.apache.commons.dbcp2.BasicDataSource' (OnClassCondition)

   DataSourcePoolMetadataProvidersConfiguration.OracleUcpPoolDataSourceMetadataProviderConfiguration:
      Did not match:
         - @ConditionalOnClass did not find required classes 'oracle.ucp.jdbc.PoolDataSource', 'oracle.jdbc.OracleConnection' (OnClassCondition)

   DataSourcePoolMetadataProvidersConfiguration.TomcatDataSourcePoolMetadataProviderConfiguration:
      Did not match:
         - @ConditionalOnClass did not find required class 'org.apache.tomcat.jdbc.pool.DataSource' (OnClassCondition)

   DataSourceTransactionManagerAutoConfiguration.JdbcTransactionManagerConfiguration#transactionManager:
      Did not match:
         - @ConditionalOnMissingBean (types: org.springframework.transaction.TransactionManager; SearchStrategy: all) found beans of type 'org.springframework.transaction.TransactionManager' transactionManager (OnBeanCondition)

   DispatcherServletAutoConfiguration.DispatcherServletConfiguration#multipartResolver:
      Did not match:
         - @ConditionalOnBean (types: org.springframework.web.multipart.MultipartResolver; SearchStrategy: all) did not find any beans of type org.springframework.web.multipart.MultipartResolver (OnBeanCondition)

   ElasticsearchClientAutoConfiguration:
      Did not match:
         - @ConditionalOnClass did not find required class 'co.elastic.clients.elasticsearch.ElasticsearchClient' (OnClassCondition)

   ElasticsearchDataAutoConfiguration:
      Did not match:
         - @ConditionalOnClass did not find required class 'org.springframework.data.elasticsearch.client.elc.ElasticsearchTemplate' (OnClassCondition)

   ElasticsearchRepositoriesAutoConfiguration:
      Did not match:
         - @ConditionalOnClass did not find required class 'org.springframework.data.elasticsearch.repository.ElasticsearchRepository' (OnClassCondition)

   ElasticsearchRestClientAutoConfiguration:
      Did not match:
         - @ConditionalOnClass did not find required class 'org.elasticsearch.client.RestClientBuilder' (OnClassCondition)

   EmbeddedLdapAutoConfiguration:
      Did not match:
         - @ConditionalOnClass did not find required class 'com.unboundid.ldap.listener.InMemoryDirectoryServer' (OnClassCondition)

   EmbeddedWebServerFactoryCustomizerAutoConfiguration.JettyWebServerFactoryCustomizerConfiguration:
      Did not match:
         - @ConditionalOnClass did not find required classes 'org.eclipse.jetty.server.Server', 'org.eclipse.jetty.util.Loader', 'org.eclipse.jetty.ee10.webapp.WebAppContext' (OnClassCondition)

   EmbeddedWebServerFactoryCustomizerAutoConfiguration.NettyWebServerFactoryCustomizerConfiguration:
      Did not match:
         - @ConditionalOnClass did not find required class 'reactor.netty.http.server.HttpServer' (OnClassCondition)

   EmbeddedWebServerFactoryCustomizerAutoConfiguration.TomcatWebServerFactoryCustomizerConfiguration#tomcatVirtualThreadsProtocolHandlerCustomizer:
      Did not match:
         - @ConditionalOnThreading did not find VIRTUAL (OnThreadingCondition)

   EmbeddedWebServerFactoryCustomizerAutoConfiguration.UndertowWebServerFactoryCustomizerConfiguration:
      Did not match:
         - @ConditionalOnClass did not find required classes 'io.undertow.Undertow', 'org.xnio.SslClientAuthMode' (OnClassCondition)

   ErrorWebFluxAutoConfiguration:
      Did not match:
         - @ConditionalOnClass did not find required class 'org.springframework.web.reactive.config.WebFluxConfigurer' (OnClassCondition)

   FlywayAutoConfiguration:
      Did not match:
         - @ConditionalOnClass did not find required class 'org.flywaydb.core.Flyway' (OnClassCondition)

   FreeMarkerAutoConfiguration:
      Did not match:
         - @ConditionalOnClass did not find required class 'freemarker.template.Configuration' (OnClassCondition)

   GraphQlAutoConfiguration:
      Did not match:
         - @ConditionalOnClass did not find required class 'graphql.GraphQL' (OnClassCondition)

   GraphQlQueryByExampleAutoConfiguration:
      Did not match:
         - @ConditionalOnClass did not find required class 'graphql.GraphQL' (OnClassCondition)

   GraphQlQuerydslAutoConfiguration:
      Did not match:
         - @ConditionalOnClass did not find required class 'com.querydsl.core.Query' (OnClassCondition)

   GraphQlRSocketAutoConfiguration:
      Did not match:
         - @ConditionalOnClass did not find required class 'graphql.GraphQL' (OnClassCondition)

   GraphQlReactiveQueryByExampleAutoConfiguration:
      Did not match:
         - @ConditionalOnClass did not find required class 'graphql.GraphQL' (OnClassCondition)

   GraphQlReactiveQuerydslAutoConfiguration:
      Did not match:
         - @ConditionalOnClass did not find required class 'com.querydsl.core.Query' (OnClassCondition)

   GraphQlWebFluxAutoConfiguration:
      Did not match:
         - @ConditionalOnClass did not find required class 'graphql.GraphQL' (OnClassCondition)

   GraphQlWebFluxSecurityAutoConfiguration:
      Did not match:
         - @ConditionalOnClass did not find required class 'graphql.GraphQL' (OnClassCondition)

   GraphQlWebMvcAutoConfiguration:
      Did not match:
         - @ConditionalOnClass did not find required class 'graphql.GraphQL' (OnClassCondition)

   GraphQlWebMvcSecurityAutoConfiguration:
      Did not match:
         - @ConditionalOnClass did not find required class 'graphql.GraphQL' (OnClassCondition)

   GroovyTemplateAutoConfiguration:
      Did not match:
         - @ConditionalOnClass did not find required class 'groovy.text.markup.MarkupTemplateEngine' (OnClassCondition)

   GsonAutoConfiguration:
      Did not match:
         - @ConditionalOnClass did not find required class 'com.google.gson.Gson' (OnClassCondition)

   GsonHttpMessageConvertersConfiguration:
      Did not match:
         - @ConditionalOnClass did not find required class 'com.google.gson.Gson' (OnClassCondition)

   H2ConsoleAutoConfiguration:
      Did not match:
         - @ConditionalOnClass did not find required class 'org.h2.server.web.JakartaWebServlet' (OnClassCondition)

   HazelcastAutoConfiguration:
      Did not match:
         - @ConditionalOnClass did not find required class 'com.hazelcast.core.HazelcastInstance' (OnClassCondition)

   HazelcastCacheConfiguration:
      Did not match:
         - @ConditionalOnClass did not find required class 'com.hazelcast.core.HazelcastInstance' (OnClassCondition)

   HazelcastJpaDependencyAutoConfiguration:
      Did not match:
         - @ConditionalOnClass did not find required class 'com.hazelcast.core.HazelcastInstance' (OnClassCondition)

   HttpHandlerAutoConfiguration:
      Did not match:
         - @ConditionalOnClass did not find required class 'org.springframework.web.reactive.DispatcherHandler' (OnClassCondition)

   HypermediaAutoConfiguration:
      Did not match:
         - @ConditionalOnClass did not find required class 'org.springframework.hateoas.EntityModel' (OnClassCondition)

   InfinispanCacheConfiguration:
      Did not match:
         - @ConditionalOnClass did not find required class 'org.infinispan.spring.embedded.provider.SpringEmbeddedCacheManager' (OnClassCondition)

   InfluxDbAutoConfiguration:
      Did not match:
         - @ConditionalOnClass did not find required class 'org.influxdb.InfluxDB' (OnClassCondition)

   IntegrationAutoConfiguration:
      Did not match:
         - @ConditionalOnClass did not find required class 'org.springframework.integration.config.EnableIntegration' (OnClassCondition)

   JCacheCacheConfiguration:
      Did not match:
         - @ConditionalOnClass did not find required class 'javax.cache.Caching' (OnClassCondition)

   JacksonHttpMessageConvertersConfiguration.MappingJackson2XmlHttpMessageConverterConfiguration:
      Did not match:
         - @ConditionalOnClass did not find required class 'com.fasterxml.jackson.dataformat.xml.XmlMapper' (OnClassCondition)

   JdbcRepositoriesAutoConfiguration:
      Did not match:
         - @ConditionalOnClass did not find required class 'org.springframework.data.jdbc.repository.config.AbstractJdbcConfiguration' (OnClassCondition)

   JerseyAutoConfiguration:
      Did not match:
         - @ConditionalOnClass did not find required class 'org.glassfish.jersey.server.spring.SpringComponentProvider' (OnClassCondition)

   JmsAutoConfiguration:
      Did not match:
         - @ConditionalOnClass did not find required class 'jakarta.jms.Message' (OnClassCondition)

   JmxAutoConfiguration:
      Did not match:
         - @ConditionalOnProperty (spring.jmx.enabled=true) did not find property 'enabled' (OnPropertyCondition)
      Matched:
         - @ConditionalOnClass found required class 'org.springframework.jmx.export.MBeanExporter' (OnClassCondition)

   JndiConnectionFactoryAutoConfiguration:
      Did not match:
         - @ConditionalOnClass did not find required class 'org.springframework.jms.core.JmsTemplate' (OnClassCondition)

   JndiDataSourceAutoConfiguration:
      Did not match:
         - @ConditionalOnProperty (spring.datasource.jndi-name) did not find property 'jndi-name' (OnPropertyCondition)
      Matched:
         - @ConditionalOnClass found required classes 'javax.sql.DataSource', 'org.springframework.jdbc.datasource.embedded.EmbeddedDatabaseType' (OnClassCondition)

   JndiJtaConfiguration:
      Did not match:
         - @ConditionalOnJndi JNDI environment is not available (OnJndiCondition)
      Matched:
         - @ConditionalOnClass found required class 'org.springframework.transaction.jta.JtaTransactionManager' (OnClassCondition)

   JooqAutoConfiguration:
      Did not match:
         - @ConditionalOnClass did not find required class 'org.jooq.DSLContext' (OnClassCondition)

   JpaBaseConfiguration.JpaWebConfiguration:
      Did not match:
         - @ConditionalOnProperty (spring.jpa.open-in-view=true) found different value in property 'open-in-view' (OnPropertyCondition)
      Matched:
         - @ConditionalOnClass found required class 'org.springframework.web.servlet.config.annotation.WebMvcConfigurer' (OnClassCondition)
         - found 'session' scope (OnWebApplicationCondition)

   JpaRepositoriesAutoConfiguration#entityManagerFactoryBootstrapExecutorCustomizer:
      Did not match:
         - AnyNestedCondition 0 matched 2 did not; NestedCondition on JpaRepositoriesAutoConfiguration.BootstrapExecutorCondition.LazyBootstrapMode @ConditionalOnProperty (spring.data.jpa.repositories.bootstrap-mode=lazy) did not find property 'bootstrap-mode'; NestedCondition on JpaRepositoriesAutoConfiguration.BootstrapExecutorCondition.DeferredBootstrapMode @ConditionalOnProperty (spring.data.jpa.repositories.bootstrap-mode=deferred) did not find property 'bootstrap-mode' (JpaRepositoriesAutoConfiguration.BootstrapExecutorCondition)

   JsonbAutoConfiguration:
      Did not match:
         - @ConditionalOnClass did not find required class 'jakarta.json.bind.Jsonb' (OnClassCondition)

   JsonbHttpMessageConvertersConfiguration:
      Did not match:
         - @ConditionalOnClass did not find required class 'jakarta.json.bind.Jsonb' (OnClassCondition)

   KafkaAutoConfiguration:
      Did not match:
         - @ConditionalOnClass did not find required class 'org.springframework.kafka.core.KafkaTemplate' (OnClassCondition)

   LdapAutoConfiguration:
      Did not match:
         - @ConditionalOnClass did not find required class 'org.springframework.ldap.core.ContextSource' (OnClassCondition)

   LdapRepositoriesAutoConfiguration:
      Did not match:
         - @ConditionalOnClass did not find required class 'org.springframework.data.ldap.repository.LdapRepository' (OnClassCondition)

   LiquibaseAutoConfiguration:
      Did not match:
         - @ConditionalOnClass did not find required class 'liquibase.change.DatabaseChange' (OnClassCondition)

   MailSenderJndiConfiguration:
      Did not match:
         - @ConditionalOnProperty (spring.mail.jndi-name) did not find property 'jndi-name' (OnPropertyCondition)
      Matched:
         - @ConditionalOnClass found required class 'jakarta.mail.Session' (OnClassCondition)

   MailSenderValidatorAutoConfiguration:
      Did not match:
         - @ConditionalOnProperty (spring.mail.test-connection) did not find property 'test-connection' (OnPropertyCondition)

   MessageSourceAutoConfiguration:
      Did not match:
         - ResourceBundle did not find bundle with basename messages (MessageSourceAutoConfiguration.ResourceBundleCondition)

   MongoAutoConfiguration:
      Did not match:
         - @ConditionalOnClass did not find required class 'com.mongodb.client.MongoClient' (OnClassCondition)

   MongoDataAutoConfiguration:
      Did not match:
         - @ConditionalOnClass did not find required class 'com.mongodb.client.MongoClient' (OnClassCondition)

   MongoReactiveAutoConfiguration:
      Did not match:
         - @ConditionalOnClass did not find required class 'com.mongodb.reactivestreams.client.MongoClient' (OnClassCondition)

   MongoReactiveDataAutoConfiguration:
      Did not match:
         - @ConditionalOnClass did not find required class 'com.mongodb.reactivestreams.client.MongoClient' (OnClassCondition)

   MongoReactiveRepositoriesAutoConfiguration:
      Did not match:
         - @ConditionalOnClass did not find required class 'com.mongodb.reactivestreams.client.MongoClient' (OnClassCondition)

   MongoRepositoriesAutoConfiguration:
      Did not match:
         - @ConditionalOnClass did not find required class 'com.mongodb.client.MongoClient' (OnClassCondition)

   MustacheAutoConfiguration:
      Did not match:
         - @ConditionalOnClass did not find required class 'com.samskivert.mustache.Mustache' (OnClassCondition)

   Neo4jAutoConfiguration:
      Did not match:
         - @ConditionalOnClass did not find required class 'org.neo4j.driver.Driver' (OnClassCondition)

   Neo4jDataAutoConfiguration:
      Did not match:
         - @ConditionalOnClass did not find required class 'org.neo4j.driver.Driver' (OnClassCondition)

   Neo4jReactiveDataAutoConfiguration:
      Did not match:
         - @ConditionalOnClass did not find required class 'org.neo4j.driver.Driver' (OnClassCondition)

   Neo4jReactiveRepositoriesAutoConfiguration:
      Did not match:
         - @ConditionalOnClass did not find required class 'org.neo4j.driver.Driver' (OnClassCondition)

   Neo4jRepositoriesAutoConfiguration:
      Did not match:
         - @ConditionalOnClass did not find required class 'org.neo4j.driver.Driver' (OnClassCondition)

   NettyAutoConfiguration:
      Did not match:
         - @ConditionalOnClass did not find required class 'io.netty.util.NettyRuntime' (OnClassCondition)

   OAuth2AuthorizationServerAutoConfiguration:
      Did not match:
         - @ConditionalOnClass did not find required class 'org.springframework.security.oauth2.server.authorization.OAuth2Authorization' (OnClassCondition)

   OAuth2AuthorizationServerJwtAutoConfiguration:
      Did not match:
         - @ConditionalOnClass did not find required class 'org.springframework.security.oauth2.server.authorization.OAuth2Authorization' (OnClassCondition)

   OAuth2ClientAutoConfiguration:
      Did not match:
         - @ConditionalOnClass did not find required class 'org.springframework.security.config.annotation.web.configuration.EnableWebSecurity' (OnClassCondition)

   OAuth2ResourceServerAutoConfiguration:
      Did not match:
         - @ConditionalOnClass did not find required class 'org.springframework.security.oauth2.server.resource.authentication.BearerTokenAuthenticationToken' (OnClassCondition)

   ProjectInfoAutoConfiguration#buildProperties:
      Did not match:
         - @ConditionalOnResource did not find resource '${spring.info.build.location:classpath:META-INF/build-info.properties}' (OnResourceCondition)

   ProjectInfoAutoConfiguration#gitProperties:
      Did not match:
         - GitResource did not find git info at classpath:git.properties (ProjectInfoAutoConfiguration.GitResourceAvailableCondition)

   PulsarAutoConfiguration:
      Did not match:
         - @ConditionalOnClass did not find required class 'org.apache.pulsar.client.api.PulsarClient' (OnClassCondition)

   PulsarReactiveAutoConfiguration:
      Did not match:
         - @ConditionalOnClass did not find required class 'org.apache.pulsar.client.api.PulsarClient' (OnClassCondition)

   QuartzAutoConfiguration:
      Did not match:
         - @ConditionalOnClass did not find required class 'org.quartz.Scheduler' (OnClassCondition)

   R2dbcAutoConfiguration:
      Did not match:
         - @ConditionalOnClass did not find required class 'io.r2dbc.spi.ConnectionFactory' (OnClassCondition)

   R2dbcDataAutoConfiguration:
      Did not match:
         - @ConditionalOnClass did not find required class 'org.springframework.data.r2dbc.core.R2dbcEntityTemplate' (OnClassCondition)

   R2dbcInitializationConfiguration:
      Did not match:
         - @ConditionalOnClass did not find required classes 'io.r2dbc.spi.ConnectionFactory', 'org.springframework.r2dbc.connection.init.DatabasePopulator' (OnClassCondition)

   R2dbcRepositoriesAutoConfiguration:
      Did not match:
         - @ConditionalOnClass did not find required class 'io.r2dbc.spi.ConnectionFactory' (OnClassCondition)

   R2dbcTransactionManagerAutoConfiguration:
      Did not match:
         - @ConditionalOnClass did not find required class 'org.springframework.r2dbc.connection.R2dbcTransactionManager' (OnClassCondition)

   RSocketGraphQlClientAutoConfiguration:
      Did not match:
         - @ConditionalOnClass did not find required class 'graphql.GraphQL' (OnClassCondition)

   RSocketMessagingAutoConfiguration:
      Did not match:
         - @ConditionalOnClass did not find required class 'io.rsocket.RSocket' (OnClassCondition)

   RSocketRequesterAutoConfiguration:
      Did not match:
         - @ConditionalOnClass did not find required class 'io.rsocket.RSocket' (OnClassCondition)

   RSocketSecurityAutoConfiguration:
      Did not match:
         - @ConditionalOnClass did not find required class 'org.springframework.security.rsocket.core.SecuritySocketAcceptorInterceptor' (OnClassCondition)

   RSocketServerAutoConfiguration:
      Did not match:
         - @ConditionalOnClass did not find required class 'io.rsocket.core.RSocketServer' (OnClassCondition)

   RSocketStrategiesAutoConfiguration:
      Did not match:
         - @ConditionalOnClass did not find required class 'io.netty.buffer.PooledByteBufAllocator' (OnClassCondition)

   RabbitAutoConfiguration:
      Did not match:
         - @ConditionalOnClass did not find required class 'com.rabbitmq.client.Channel' (OnClassCondition)

   ReactiveElasticsearchClientAutoConfiguration:
      Did not match:
         - @ConditionalOnClass did not find required class 'co.elastic.clients.transport.ElasticsearchTransport' (OnClassCondition)

   ReactiveElasticsearchRepositoriesAutoConfiguration:
      Did not match:
         - @ConditionalOnClass did not find required class 'org.springframework.data.elasticsearch.client.elc.ReactiveElasticsearchClient' (OnClassCondition)

   ReactiveMultipartAutoConfiguration:
      Did not match:
         - @ConditionalOnClass did not find required class 'org.springframework.web.reactive.config.WebFluxConfigurer' (OnClassCondition)

   ReactiveOAuth2ClientAutoConfiguration:
      Did not match:
         - @ConditionalOnClass did not find required class 'reactor.core.publisher.Flux' (OnClassCondition)

   ReactiveOAuth2ResourceServerAutoConfiguration:
      Did not match:
         - @ConditionalOnClass did not find required class 'org.springframework.security.config.annotation.web.reactive.EnableWebFluxSecurity' (OnClassCondition)

   ReactiveSecurityAutoConfiguration:
      Did not match:
         - @ConditionalOnClass did not find required class 'reactor.core.publisher.Flux' (OnClassCondition)

   ReactiveUserDetailsServiceAutoConfiguration:
      Did not match:
         - @ConditionalOnClass did not find required class 'org.springframework.security.authentication.ReactiveAuthenticationManager' (OnClassCondition)

   ReactiveWebServerFactoryAutoConfiguration:
      Did not match:
         - @ConditionalOnWebApplication did not find reactive web application classes (OnWebApplicationCondition)

   ReactorAutoConfiguration:
      Did not match:
         - @ConditionalOnClass did not find required class 'reactor.core.publisher.Hooks' (OnClassCondition)

   RedisAutoConfiguration:
      Did not match:
         - @ConditionalOnClass did not find required class 'org.springframework.data.redis.core.RedisOperations' (OnClassCondition)

   RedisCacheConfiguration:
      Did not match:
         - @ConditionalOnClass did not find required class 'org.springframework.data.redis.connection.RedisConnectionFactory' (OnClassCondition)

   RedisReactiveAutoConfiguration:
      Did not match:
         - @ConditionalOnClass did not find required class 'reactor.core.publisher.Flux' (OnClassCondition)

   RedisRepositoriesAutoConfiguration:
      Did not match:
         - @ConditionalOnClass did not find required class 'org.springframework.data.redis.repository.configuration.EnableRedisRepositories' (OnClassCondition)

   RepositoryRestMvcAutoConfiguration:
      Did not match:
         - @ConditionalOnClass did not find required class 'org.springframework.data.rest.webmvc.config.RepositoryRestMvcConfiguration' (OnClassCondition)

   Saml2RelyingPartyAutoConfiguration:
      Did not match:
         - @ConditionalOnClass did not find required class 'org.springframework.security.saml2.provider.service.registration.RelyingPartyRegistrationRepository' (OnClassCondition)

   SecurityAutoConfiguration:
      Did not match:
         - @ConditionalOnClass did not find required class 'org.springframework.security.authentication.DefaultAuthenticationEventPublisher' (OnClassCondition)

   SecurityFilterAutoConfiguration:
      Did not match:
         - @ConditionalOnClass did not find required class 'org.springframework.security.config.http.SessionCreationPolicy' (OnClassCondition)

   SendGridAutoConfiguration:
      Did not match:
         - @ConditionalOnClass did not find required class 'com.sendgrid.SendGrid' (OnClassCondition)

   ServletWebServerFactoryAutoConfiguration.ForwardedHeaderFilterConfiguration:
      Did not match:
         - @ConditionalOnProperty (server.forward-headers-strategy=framework) did not find property 'server.forward-headers-strategy' (OnPropertyCondition)

   ServletWebServerFactoryConfiguration.EmbeddedJetty:
      Did not match:
         - @ConditionalOnClass did not find required classes 'org.eclipse.jetty.server.Server', 'org.eclipse.jetty.util.Loader', 'org.eclipse.jetty.ee10.webapp.WebAppContext' (OnClassCondition)

   ServletWebServerFactoryConfiguration.EmbeddedUndertow:
      Did not match:
         - @ConditionalOnClass did not find required classes 'io.undertow.Undertow', 'org.xnio.SslClientAuthMode' (OnClassCondition)

   SessionAutoConfiguration:
      Did not match:
         - @ConditionalOnClass did not find required class 'org.springframework.session.Session' (OnClassCondition)

   SpringApplicationAdminJmxAutoConfiguration:
      Did not match:
         - @ConditionalOnProperty (spring.application.admin.enabled=true) did not find property 'enabled' (OnPropertyCondition)

   TaskExecutorConfigurations.SimpleAsyncTaskExecutorBuilderConfiguration#simpleAsyncTaskExecutorBuilderVirtualThreads:
      Did not match:
         - @ConditionalOnMissingBean (types: org.springframework.boot.task.SimpleAsyncTaskExecutorBuilder; SearchStrategy: all) found beans of type 'org.springframework.boot.task.SimpleAsyncTaskExecutorBuilder' simpleAsyncTaskExecutorBuilder (OnBeanCondition)

   TaskExecutorConfigurations.TaskExecutorConfiguration#applicationTaskExecutorVirtualThreads:
      Did not match:
         - @ConditionalOnThreading did not find VIRTUAL (OnThreadingCondition)

   TaskSchedulingAutoConfiguration#scheduledBeanLazyInitializationExcludeFilter:
      Did not match:
         - @ConditionalOnBean (names: org.springframework.context.annotation.internalScheduledAnnotationProcessor; SearchStrategy: all) did not find any beans named org.springframework.context.annotation.internalScheduledAnnotationProcessor (OnBeanCondition)

   TaskSchedulingConfigurations.SimpleAsyncTaskSchedulerBuilderConfiguration#simpleAsyncTaskSchedulerBuilderVirtualThreads:
      Did not match:
         - @ConditionalOnMissingBean (types: org.springframework.boot.task.SimpleAsyncTaskSchedulerBuilder; SearchStrategy: all) found beans of type 'org.springframework.boot.task.SimpleAsyncTaskSchedulerBuilder' simpleAsyncTaskSchedulerBuilder (OnBeanCondition)

   TaskSchedulingConfigurations.TaskSchedulerConfiguration:
      Did not match:
         - @ConditionalOnBean (names: org.springframework.context.annotation.internalScheduledAnnotationProcessor; SearchStrategy: all) did not find any beans named org.springframework.context.annotation.internalScheduledAnnotationProcessor (OnBeanCondition)

   ThymeleafAutoConfiguration:
      Did not match:
         - @ConditionalOnClass did not find required class 'org.thymeleaf.spring6.SpringTemplateEngine' (OnClassCondition)

   TransactionAutoConfiguration#transactionalOperator:
      Did not match:
         - @ConditionalOnSingleCandidate (types: org.springframework.transaction.ReactiveTransactionManager; SearchStrategy: all) did not find any beans (OnBeanCondition)

   TransactionAutoConfiguration.AspectJTransactionManagementConfiguration:
      Did not match:
         - @ConditionalOnBean (types: org.springframework.transaction.aspectj.AbstractTransactionAspect; SearchStrategy: all) did not find any beans of type org.springframework.transaction.aspectj.AbstractTransactionAspect (OnBeanCondition)

   TransactionAutoConfiguration.EnableTransactionManagementConfiguration.JdkDynamicAutoProxyConfiguration:
      Did not match:
         - @ConditionalOnProperty (spring.aop.proxy-target-class=false) did not find property 'proxy-target-class' (OnPropertyCondition)

   UserDetailsServiceAutoConfiguration:
      Did not match:
         - @ConditionalOnClass did not find required class 'org.springframework.security.authentication.AuthenticationManager' (OnClassCondition)

   WebClientAutoConfiguration:
      Did not match:
         - @ConditionalOnClass did not find required class 'org.springframework.web.reactive.function.client.WebClient' (OnClassCondition)

   WebFluxAutoConfiguration:
      Did not match:
         - @ConditionalOnClass did not find required class 'org.springframework.web.reactive.config.WebFluxConfigurer' (OnClassCondition)

   WebMvcAutoConfiguration#hiddenHttpMethodFilter:
      Did not match:
         - @ConditionalOnProperty (spring.mvc.hiddenmethod.filter.enabled) did not find property 'enabled' (OnPropertyCondition)

   WebMvcAutoConfiguration.ProblemDetailsErrorHandlingConfiguration:
      Did not match:
         - @ConditionalOnProperty (spring.mvc.problemdetails.enabled=true) did not find property 'enabled' (OnPropertyCondition)

   WebMvcAutoConfiguration.ResourceChainCustomizerConfiguration:
      Did not match:
         - @ConditionalOnEnabledResourceChain did not find class org.webjars.WebJarAssetLocator (OnEnabledResourceChainCondition)

   WebMvcAutoConfiguration.WebMvcAutoConfigurationAdapter#beanNameViewResolver:
      Did not match:
         - @ConditionalOnMissingBean (types: org.springframework.web.servlet.view.BeanNameViewResolver; SearchStrategy: all) found beans of type 'org.springframework.web.servlet.view.BeanNameViewResolver' beanNameViewResolver (OnBeanCondition)

   WebServiceTemplateAutoConfiguration:
      Did not match:
         - @ConditionalOnClass did not find required class 'org.springframework.oxm.Marshaller' (OnClassCondition)

   WebServicesAutoConfiguration:
      Did not match:
         - @ConditionalOnClass did not find required class 'org.springframework.ws.transport.http.MessageDispatcherServlet' (OnClassCondition)

   WebSessionIdResolverAutoConfiguration:
      Did not match:
         - @ConditionalOnClass did not find required class 'reactor.core.publisher.Mono' (OnClassCondition)

   WebSocketMessagingAutoConfiguration:
      Did not match:
         - @ConditionalOnClass did not find required class 'org.springframework.web.socket.config.annotation.WebSocketMessageBrokerConfigurer' (OnClassCondition)

   WebSocketReactiveAutoConfiguration:
      Did not match:
         - @ConditionalOnWebApplication did not find reactive web application classes (OnWebApplicationCondition)

   WebSocketServletAutoConfiguration.JettyWebSocketConfiguration:
      Did not match:
         - @ConditionalOnClass did not find required class 'org.eclipse.jetty.ee10.websocket.jakarta.server.config.JakartaWebSocketServletContainerInitializer' (OnClassCondition)

   WebSocketServletAutoConfiguration.UndertowWebSocketConfiguration:
      Did not match:
         - @ConditionalOnClass did not find required class 'io.undertow.websockets.jsr.Bootstrap' (OnClassCondition)

   XADataSourceAutoConfiguration:
      Did not match:
         - @ConditionalOnBean (types: org.springframework.boot.jdbc.XADataSourceWrapper; SearchStrategy: all) did not find any beans of type org.springframework.boot.jdbc.XADataSourceWrapper (OnBeanCondition)
      Matched:
         - @ConditionalOnClass found required classes 'javax.sql.DataSource', 'jakarta.transaction.TransactionManager', 'org.springframework.jdbc.datasource.embedded.EmbeddedDatabaseType' (OnClassCondition)


Exclusions:
-----------

    None


Unconditional classes:
----------------------

    org.springframework.boot.autoconfigure.context.ConfigurationPropertiesAutoConfiguration

    org.springframework.boot.autoconfigure.ssl.SslAutoConfiguration

    org.springframework.boot.autoconfigure.context.LifecycleAutoConfiguration

    org.springframework.boot.autoconfigure.context.PropertyPlaceholderAutoConfiguration

    org.springframework.boot.autoconfigure.availability.ApplicationAvailabilityAutoConfiguration

    org.springframework.boot.autoconfigure.info.ProjectInfoAutoConfiguration



2026-05-05T14:05:52.272+03:00  INFO 16148 --- [           main] com.busgo.BusgoApplication               : Started BusgoApplication in 5.407 seconds (process running for 5.749)
2026-05-05T14:05:52.273+03:00 DEBUG 16148 --- [           main] o.s.b.a.ApplicationAvailabilityBean      : Application availability state LivenessState changed to CORRECT
2026-05-05T14:05:52.449+03:00 DEBUG 16148 --- [           main] o.s.b.a.ApplicationAvailabilityBean      : Application availability state ReadinessState changed to ACCEPTING_TRAFFIC
2026-05-05T14:29:04.878+03:00  INFO 16148 --- [nio-8080-exec-5] o.a.c.c.C.[Tomcat].[localhost].[/]       : Initializing Spring DispatcherServlet 'dispatcherServlet'
2026-05-05T14:29:04.880+03:00  INFO 16148 --- [nio-8080-exec-5] o.s.web.servlet.DispatcherServlet        : Initializing Servlet 'dispatcherServlet'
2026-05-05T14:29:04.882+03:00 DEBUG 16148 --- [nio-8080-exec-5] o.s.web.servlet.DispatcherServlet        : Detected StandardServletMultipartResolver
2026-05-05T14:29:04.882+03:00 DEBUG 16148 --- [nio-8080-exec-5] o.s.web.servlet.DispatcherServlet        : Detected AcceptHeaderLocaleResolver
2026-05-05T14:29:04.883+03:00 DEBUG 16148 --- [nio-8080-exec-5] o.s.web.servlet.DispatcherServlet        : Detected FixedThemeResolver
2026-05-05T14:29:04.888+03:00 DEBUG 16148 --- [nio-8080-exec-5] o.s.web.servlet.DispatcherServlet        : Detected org.springframework.web.servlet.view.DefaultRequestToViewNameTranslator@22e650e
2026-05-05T14:29:04.890+03:00 DEBUG 16148 --- [nio-8080-exec-5] o.s.web.servlet.DispatcherServlet        : Detected org.springframework.web.servlet.support.SessionFlashMapManager@46bff388
2026-05-05T14:29:04.890+03:00 DEBUG 16148 --- [nio-8080-exec-5] o.s.web.servlet.DispatcherServlet        : enableLoggingRequestDetails='false': request parameters and headers will be masked to prevent unsafe logging of potentially sensitive data
2026-05-05T14:29:04.891+03:00  INFO 16148 --- [nio-8080-exec-5] o.s.web.servlet.DispatcherServlet        : Completed initialization in 10 ms
2026-05-05T14:29:04.902+03:00 DEBUG 16148 --- [nio-8080-exec-5] o.s.web.servlet.DispatcherServlet        : GET "/", parameters={}
2026-05-05T14:29:04.914+03:00 DEBUG 16148 --- [nio-8080-exec-5] o.s.w.s.handler.SimpleUrlHandlerMapping  : Mapped to ResourceHttpRequestHandler [classpath [META-INF/resources/], classpath [resources/], classpath [static/], classpath [public/], ServletContext [/]]
2026-05-05T14:29:04.944+03:00 DEBUG 16148 --- [nio-8080-exec-5] o.s.w.s.r.ResourceHttpRequestHandler     : Resource not found
2026-05-05T14:29:04.951+03:00 DEBUG 16148 --- [nio-8080-exec-5] .w.s.m.s.DefaultHandlerExceptionResolver : Resolved [org.springframework.web.servlet.resource.NoResourceFoundException: No static resource .]
2026-05-05T14:29:04.952+03:00 DEBUG 16148 --- [nio-8080-exec-5] o.s.web.servlet.DispatcherServlet        : Completed 404 NOT_FOUND
2026-05-05T14:29:04.962+03:00 DEBUG 16148 --- [nio-8080-exec-5] o.s.web.servlet.DispatcherServlet        : "ERROR" dispatch for GET "/error", parameters={}
2026-05-05T14:29:04.967+03:00 DEBUG 16148 --- [nio-8080-exec-5] s.w.s.m.m.a.RequestMappingHandlerMapping : Mapped to org.springframework.boot.autoconfigure.web.servlet.error.BasicErrorController#error(HttpServletRequest)
2026-05-05T14:29:04.998+03:00 DEBUG 16148 --- [nio-8080-exec-5] o.s.w.s.m.m.a.HttpEntityMethodProcessor  : Using 'application/json', given [*/*] and supported [application/json, application/*+json]
2026-05-05T14:29:05.008+03:00 DEBUG 16148 --- [nio-8080-exec-5] o.s.w.s.m.m.a.HttpEntityMethodProcessor  : Writing [{timestamp=Tue May 05 14:29:04 GMT+03:00 2026, status=404, error=Not Found, path=/}]
2026-05-05T14:29:05.053+03:00 DEBUG 16148 --- [nio-8080-exec-5] o.s.web.servlet.DispatcherServlet        : Exiting from "ERROR" dispatch, status 404
2026-05-05T14:29:41.891+03:00 DEBUG 16148 --- [nio-8080-exec-9] o.s.web.servlet.DispatcherServlet        : GET "/", parameters={}
2026-05-05T14:29:41.892+03:00 DEBUG 16148 --- [nio-8080-exec-9] o.s.w.s.handler.SimpleUrlHandlerMapping  : Mapped to ResourceHttpRequestHandler [classpath [META-INF/resources/], classpath [resources/], classpath [static/], classpath [public/], ServletContext [/]]
2026-05-05T14:29:41.892+03:00 DEBUG 16148 --- [nio-8080-exec-9] o.s.w.s.r.ResourceHttpRequestHandler     : Resource not found
2026-05-05T14:29:41.897+03:00 DEBUG 16148 --- [nio-8080-exec-9] .w.s.m.s.DefaultHandlerExceptionResolver : Resolved [org.springframework.web.servlet.resource.NoResourceFoundException: No static resource .]
2026-05-05T14:29:41.897+03:00 DEBUG 16148 --- [nio-8080-exec-9] o.s.web.servlet.DispatcherServlet        : Completed 404 NOT_FOUND
2026-05-05T14:29:41.899+03:00 DEBUG 16148 --- [nio-8080-exec-9] o.s.web.servlet.DispatcherServlet        : "ERROR" dispatch for GET "/error", parameters={}
2026-05-05T14:29:41.901+03:00 DEBUG 16148 --- [nio-8080-exec-9] s.w.s.m.m.a.RequestMappingHandlerMapping : Mapped to org.springframework.boot.autoconfigure.web.servlet.error.BasicErrorController#errorHtml(HttpServletRequest, HttpServletResponse)
2026-05-05T14:29:41.947+03:00 DEBUG 16148 --- [nio-8080-exec-9] o.s.w.s.v.ContentNegotiatingViewResolver : Selected 'text/html' given [text/html, text/html;q=0.8]
2026-05-05T14:29:41.954+03:00 DEBUG 16148 --- [nio-8080-exec-9] o.s.web.servlet.DispatcherServlet        : Exiting from "ERROR" dispatch, status 404
2026-05-05T14:29:41.999+03:00 DEBUG 16148 --- [nio-8080-exec-2] o.s.web.servlet.DispatcherServlet        : GET "/favicon.ico", parameters={}
2026-05-05T14:29:42.012+03:00 DEBUG 16148 --- [nio-8080-exec-2] o.s.w.s.handler.SimpleUrlHandlerMapping  : Mapped to ResourceHttpRequestHandler [classpath [META-INF/resources/], classpath [resources/], classpath [static/], classpath [public/], ServletContext [/]]
2026-05-05T14:29:42.017+03:00 DEBUG 16148 --- [nio-8080-exec-2] o.s.w.s.r.ResourceHttpRequestHandler     : Resource not found
2026-05-05T14:29:42.018+03:00 DEBUG 16148 --- [nio-8080-exec-2] .w.s.m.s.DefaultHandlerExceptionResolver : Resolved [org.springframework.web.servlet.resource.NoResourceFoundException: No static resource favicon.ico.]
2026-05-05T14:29:42.019+03:00 DEBUG 16148 --- [nio-8080-exec-2] o.s.web.servlet.DispatcherServlet        : Completed 404 NOT_FOUND
2026-05-05T14:29:42.020+03:00 DEBUG 16148 --- [nio-8080-exec-2] o.s.web.servlet.DispatcherServlet        : "ERROR" dispatch for GET "/error", parameters={}
2026-05-05T14:29:42.022+03:00 DEBUG 16148 --- [nio-8080-exec-2] s.w.s.m.m.a.RequestMappingHandlerMapping : Mapped to org.springframework.boot.autoconfigure.web.servlet.error.BasicErrorController#error(HttpServletRequest)
2026-05-05T14:29:42.022+03:00 DEBUG 16148 --- [nio-8080-exec-2] o.s.w.s.m.m.a.HttpEntityMethodProcessor  : Using 'application/json;q=0.8', given [image/avif, image/webp, image/apng, image/svg+xml, image/*, */*;q=0.8] and supported [application/json, application/*+json]
2026-05-05T14:29:42.022+03:00 DEBUG 16148 --- [nio-8080-exec-2] o.s.w.s.m.m.a.HttpEntityMethodProcessor  : Writing [{timestamp=Tue May 05 14:29:42 GMT+03:00 2026, status=404, error=Not Found, path=/favicon.ico}]
2026-05-05T14:29:42.034+03:00 DEBUG 16148 --- [nio-8080-exec-2] o.s.web.servlet.DispatcherServlet        : Exiting from "ERROR" dispatch, status 404
2026-05-05T14:31:24.233+03:00 DEBUG 16148 --- [nio-8080-exec-8] o.s.web.servlet.DispatcherServlet        : GET "/", parameters={}
2026-05-05T14:31:24.235+03:00 DEBUG 16148 --- [nio-8080-exec-8] o.s.w.s.handler.SimpleUrlHandlerMapping  : Mapped to ResourceHttpRequestHandler [classpath [META-INF/resources/], classpath [resources/], classpath [static/], classpath [public/], ServletContext [/]]
2026-05-05T14:31:24.235+03:00 DEBUG 16148 --- [nio-8080-exec-8] o.s.w.s.r.ResourceHttpRequestHandler     : Resource not found
2026-05-05T14:31:24.236+03:00 DEBUG 16148 --- [nio-8080-exec-8] .w.s.m.s.DefaultHandlerExceptionResolver : Resolved [org.springframework.web.servlet.resource.NoResourceFoundException: No static resource .]
2026-05-05T14:31:24.237+03:00 DEBUG 16148 --- [nio-8080-exec-8] o.s.web.servlet.DispatcherServlet        : Completed 404 NOT_FOUND
2026-05-05T14:31:24.238+03:00 DEBUG 16148 --- [nio-8080-exec-8] o.s.web.servlet.DispatcherServlet        : "ERROR" dispatch for GET "/error", parameters={}
2026-05-05T14:31:24.238+03:00 DEBUG 16148 --- [nio-8080-exec-8] s.w.s.m.m.a.RequestMappingHandlerMapping : Mapped to org.springframework.boot.autoconfigure.web.servlet.error.BasicErrorController#error(HttpServletRequest)
2026-05-05T14:31:24.240+03:00 DEBUG 16148 --- [nio-8080-exec-8] o.s.w.s.m.m.a.HttpEntityMethodProcessor  : Using 'application/json', given [*/*] and supported [application/json, application/*+json]
2026-05-05T14:31:24.241+03:00 DEBUG 16148 --- [nio-8080-exec-8] o.s.w.s.m.m.a.HttpEntityMethodProcessor  : Writing [{timestamp=Tue May 05 14:31:24 GMT+03:00 2026, status=404, error=Not Found, path=/}]
2026-05-05T14:31:24.243+03:00 DEBUG 16148 --- [nio-8080-exec-8] o.s.web.servlet.DispatcherServlet        : Exiting from "ERROR" dispatch, status 404
2026-05-05T14:31:24.576+03:00 DEBUG 16148 --- [io-8080-exec-10] o.s.web.servlet.DispatcherServlet        : GET "/", parameters={}
2026-05-05T14:31:24.577+03:00 DEBUG 16148 --- [io-8080-exec-10] o.s.w.s.handler.SimpleUrlHandlerMapping  : Mapped to ResourceHttpRequestHandler [classpath [META-INF/resources/], classpath [resources/], classpath [static/], classpath [public/], ServletContext [/]]
2026-05-05T14:31:24.578+03:00 DEBUG 16148 --- [io-8080-exec-10] o.s.w.s.r.ResourceHttpRequestHandler     : Resource not found
2026-05-05T14:31:24.578+03:00 DEBUG 16148 --- [io-8080-exec-10] .w.s.m.s.DefaultHandlerExceptionResolver : Resolved [org.springframework.web.servlet.resource.NoResourceFoundException: No static resource .]
2026-05-05T14:31:24.579+03:00 DEBUG 16148 --- [io-8080-exec-10] o.s.web.servlet.DispatcherServlet        : Completed 404 NOT_FOUND
2026-05-05T14:31:24.580+03:00 DEBUG 16148 --- [io-8080-exec-10] o.s.web.servlet.DispatcherServlet        : "ERROR" dispatch for GET "/error", parameters={}
2026-05-05T14:31:24.581+03:00 DEBUG 16148 --- [io-8080-exec-10] s.w.s.m.m.a.RequestMappingHandlerMapping : Mapped to org.springframework.boot.autoconfigure.web.servlet.error.BasicErrorController#error(HttpServletRequest)
2026-05-05T14:31:24.583+03:00 DEBUG 16148 --- [io-8080-exec-10] o.s.w.s.m.m.a.HttpEntityMethodProcessor  : Using 'application/json', given [*/*] and supported [application/json, application/*+json]
2026-05-05T14:31:24.583+03:00 DEBUG 16148 --- [io-8080-exec-10] o.s.w.s.m.m.a.HttpEntityMethodProcessor  : Writing [{timestamp=Tue May 05 14:31:24 GMT+03:00 2026, status=404, error=Not Found, path=/}]
2026-05-05T14:31:24.586+03:00 DEBUG 16148 --- [io-8080-exec-10] o.s.web.servlet.DispatcherServlet        : Exiting from "ERROR" dispatch, status 404
2026-05-05T14:31:25.074+03:00 DEBUG 16148 --- [nio-8080-exec-5] o.s.web.servlet.DispatcherServlet        : GET "/", parameters={}
2026-05-05T14:31:25.080+03:00 DEBUG 16148 --- [nio-8080-exec-5] o.s.w.s.handler.SimpleUrlHandlerMapping  : Mapped to ResourceHttpRequestHandler [classpath [META-INF/resources/], classpath [resources/], classpath [static/], classpath [public/], ServletContext [/]]
2026-05-05T14:31:25.081+03:00 DEBUG 16148 --- [nio-8080-exec-5] o.s.w.s.r.ResourceHttpRequestHandler     : Resource not found
2026-05-05T14:31:25.082+03:00 DEBUG 16148 --- [nio-8080-exec-5] .w.s.m.s.DefaultHandlerExceptionResolver : Resolved [org.springframework.web.servlet.resource.NoResourceFoundException: No static resource .]
2026-05-05T14:31:25.083+03:00 DEBUG 16148 --- [nio-8080-exec-5] o.s.web.servlet.DispatcherServlet        : Completed 404 NOT_FOUND
2026-05-05T14:31:25.084+03:00 DEBUG 16148 --- [nio-8080-exec-5] o.s.web.servlet.DispatcherServlet        : "ERROR" dispatch for GET "/error", parameters={}
2026-05-05T14:31:25.085+03:00 DEBUG 16148 --- [nio-8080-exec-5] s.w.s.m.m.a.RequestMappingHandlerMapping : Mapped to org.springframework.boot.autoconfigure.web.servlet.error.BasicErrorController#error(HttpServletRequest)
2026-05-05T14:31:25.086+03:00 DEBUG 16148 --- [nio-8080-exec-5] o.s.w.s.m.m.a.HttpEntityMethodProcessor  : Using 'application/json', given [*/*] and supported [application/json, application/*+json]
2026-05-05T14:31:25.087+03:00 DEBUG 16148 --- [nio-8080-exec-5] o.s.w.s.m.m.a.HttpEntityMethodProcessor  : Writing [{timestamp=Tue May 05 14:31:25 GMT+03:00 2026, status=404, error=Not Found, path=/}]
2026-05-05T14:31:25.088+03:00 DEBUG 16148 --- [nio-8080-exec-5] o.s.web.servlet.DispatcherServlet        : Exiting from "ERROR" dispatch, status 404
2026-05-05T14:31:25.575+03:00 DEBUG 16148 --- [nio-8080-exec-9] o.s.web.servlet.DispatcherServlet        : GET "/", parameters={}
2026-05-05T14:31:25.580+03:00 DEBUG 16148 --- [nio-8080-exec-9] o.s.w.s.handler.SimpleUrlHandlerMapping  : Mapped to ResourceHttpRequestHandler [classpath [META-INF/resources/], classpath [resources/], classpath [static/], classpath [public/], ServletContext [/]]
2026-05-05T14:31:25.581+03:00 DEBUG 16148 --- [nio-8080-exec-9] o.s.w.s.r.ResourceHttpRequestHandler     : Resource not found
2026-05-05T14:31:25.582+03:00 DEBUG 16148 --- [nio-8080-exec-9] .w.s.m.s.DefaultHandlerExceptionResolver : Resolved [org.springframework.web.servlet.resource.NoResourceFoundException: No static resource .]
2026-05-05T14:31:25.582+03:00 DEBUG 16148 --- [nio-8080-exec-9] o.s.web.servlet.DispatcherServlet        : Completed 404 NOT_FOUND
2026-05-05T14:31:25.583+03:00 DEBUG 16148 --- [nio-8080-exec-9] o.s.web.servlet.DispatcherServlet        : "ERROR" dispatch for GET "/error", parameters={}
2026-05-05T14:31:25.585+03:00 DEBUG 16148 --- [nio-8080-exec-9] s.w.s.m.m.a.RequestMappingHandlerMapping : Mapped to org.springframework.boot.autoconfigure.web.servlet.error.BasicErrorController#error(HttpServletRequest)
2026-05-05T14:31:25.586+03:00 DEBUG 16148 --- [nio-8080-exec-9] o.s.w.s.m.m.a.HttpEntityMethodProcessor  : Using 'application/json', given [*/*] and supported [application/json, application/*+json]
2026-05-05T14:31:25.587+03:00 DEBUG 16148 --- [nio-8080-exec-9] o.s.w.s.m.m.a.HttpEntityMethodProcessor  : Writing [{timestamp=Tue May 05 14:31:25 GMT+03:00 2026, status=404, error=Not Found, path=/}]
2026-05-05T14:31:25.589+03:00 DEBUG 16148 --- [nio-8080-exec-9] o.s.web.servlet.DispatcherServlet        : Exiting from "ERROR" dispatch, status 404
2026-05-05T14:31:26.076+03:00 DEBUG 16148 --- [nio-8080-exec-7] o.s.web.servlet.DispatcherServlet        : GET "/", parameters={}
2026-05-05T14:31:26.078+03:00 DEBUG 16148 --- [nio-8080-exec-7] o.s.w.s.handler.SimpleUrlHandlerMapping  : Mapped to ResourceHttpRequestHandler [classpath [META-INF/resources/], classpath [resources/], classpath [static/], classpath [public/], ServletContext [/]]
2026-05-05T14:31:26.079+03:00 DEBUG 16148 --- [nio-8080-exec-7] o.s.w.s.r.ResourceHttpRequestHandler     : Resource not found
2026-05-05T14:31:26.081+03:00 DEBUG 16148 --- [nio-8080-exec-7] .w.s.m.s.DefaultHandlerExceptionResolver : Resolved [org.springframework.web.servlet.resource.NoResourceFoundException: No static resource .]
2026-05-05T14:31:26.082+03:00 DEBUG 16148 --- [nio-8080-exec-7] o.s.web.servlet.DispatcherServlet        : Completed 404 NOT_FOUND
2026-05-05T14:31:26.083+03:00 DEBUG 16148 --- [nio-8080-exec-7] o.s.web.servlet.DispatcherServlet        : "ERROR" dispatch for GET "/error", parameters={}
2026-05-05T14:31:26.084+03:00 DEBUG 16148 --- [nio-8080-exec-7] s.w.s.m.m.a.RequestMappingHandlerMapping : Mapped to org.springframework.boot.autoconfigure.web.servlet.error.BasicErrorController#error(HttpServletRequest)
2026-05-05T14:31:26.085+03:00 DEBUG 16148 --- [nio-8080-exec-7] o.s.w.s.m.m.a.HttpEntityMethodProcessor  : Using 'application/json', given [*/*] and supported [application/json, application/*+json]
2026-05-05T14:31:26.087+03:00 DEBUG 16148 --- [nio-8080-exec-7] o.s.w.s.m.m.a.HttpEntityMethodProcessor  : Writing [{timestamp=Tue May 05 14:31:26 GMT+03:00 2026, status=404, error=Not Found, path=/}]
2026-05-05T14:31:26.089+03:00 DEBUG 16148 --- [nio-8080-exec-7] o.s.web.servlet.DispatcherServlet        : Exiting from "ERROR" dispatch, status 404
2026-05-05T14:31:26.578+03:00 DEBUG 16148 --- [nio-8080-exec-8] o.s.web.servlet.DispatcherServlet        : GET "/", parameters={}
2026-05-05T14:31:26.582+03:00 DEBUG 16148 --- [nio-8080-exec-8] o.s.w.s.handler.SimpleUrlHandlerMapping  : Mapped to ResourceHttpRequestHandler [classpath [META-INF/resources/], classpath [resources/], classpath [static/], classpath [public/], ServletContext [/]]
2026-05-05T14:31:26.583+03:00 DEBUG 16148 --- [nio-8080-exec-8] o.s.w.s.r.ResourceHttpRequestHandler     : Resource not found
2026-05-05T14:31:26.584+03:00 DEBUG 16148 --- [nio-8080-exec-8] .w.s.m.s.DefaultHandlerExceptionResolver : Resolved [org.springframework.web.servlet.resource.NoResourceFoundException: No static resource .]
2026-05-05T14:31:26.585+03:00 DEBUG 16148 --- [nio-8080-exec-8] o.s.web.servlet.DispatcherServlet        : Completed 404 NOT_FOUND
2026-05-05T14:31:26.586+03:00 DEBUG 16148 --- [nio-8080-exec-8] o.s.web.servlet.DispatcherServlet        : "ERROR" dispatch for GET "/error", parameters={}
2026-05-05T14:31:26.587+03:00 DEBUG 16148 --- [nio-8080-exec-8] s.w.s.m.m.a.RequestMappingHandlerMapping : Mapped to org.springframework.boot.autoconfigure.web.servlet.error.BasicErrorController#error(HttpServletRequest)
2026-05-05T14:31:26.588+03:00 DEBUG 16148 --- [nio-8080-exec-8] o.s.w.s.m.m.a.HttpEntityMethodProcessor  : Using 'application/json', given [*/*] and supported [application/json, application/*+json]
2026-05-05T14:31:26.588+03:00 DEBUG 16148 --- [nio-8080-exec-8] o.s.w.s.m.m.a.HttpEntityMethodProcessor  : Writing [{timestamp=Tue May 05 14:31:26 GMT+03:00 2026, status=404, error=Not Found, path=/}]
2026-05-05T14:31:26.589+03:00 DEBUG 16148 --- [nio-8080-exec-8] o.s.web.servlet.DispatcherServlet        : Exiting from "ERROR" dispatch, status 404
2026-05-05T14:31:27.077+03:00 DEBUG 16148 --- [io-8080-exec-10] o.s.web.servlet.DispatcherServlet        : GET "/", parameters={}
2026-05-05T14:31:27.078+03:00 DEBUG 16148 --- [io-8080-exec-10] o.s.w.s.handler.SimpleUrlHandlerMapping  : Mapped to ResourceHttpRequestHandler [classpath [META-INF/resources/], classpath [resources/], classpath [static/], classpath [public/], ServletContext [/]]
2026-05-05T14:31:27.080+03:00 DEBUG 16148 --- [io-8080-exec-10] o.s.w.s.r.ResourceHttpRequestHandler     : Resource not found
2026-05-05T14:31:27.081+03:00 DEBUG 16148 --- [io-8080-exec-10] .w.s.m.s.DefaultHandlerExceptionResolver : Resolved [org.springframework.web.servlet.resource.NoResourceFoundException: No static resource .]
2026-05-05T14:31:27.081+03:00 DEBUG 16148 --- [io-8080-exec-10] o.s.web.servlet.DispatcherServlet        : Completed 404 NOT_FOUND
2026-05-05T14:31:27.082+03:00 DEBUG 16148 --- [io-8080-exec-10] o.s.web.servlet.DispatcherServlet        : "ERROR" dispatch for GET "/error", parameters={}
2026-05-05T14:31:27.083+03:00 DEBUG 16148 --- [io-8080-exec-10] s.w.s.m.m.a.RequestMappingHandlerMapping : Mapped to org.springframework.boot.autoconfigure.web.servlet.error.BasicErrorController#error(HttpServletRequest)
2026-05-05T14:31:27.085+03:00 DEBUG 16148 --- [io-8080-exec-10] o.s.w.s.m.m.a.HttpEntityMethodProcessor  : Using 'application/json', given [*/*] and supported [application/json, application/*+json]
2026-05-05T14:31:27.086+03:00 DEBUG 16148 --- [io-8080-exec-10] o.s.w.s.m.m.a.HttpEntityMethodProcessor  : Writing [{timestamp=Tue May 05 14:31:27 GMT+03:00 2026, status=404, error=Not Found, path=/}]
2026-05-05T14:31:27.087+03:00 DEBUG 16148 --- [io-8080-exec-10] o.s.web.servlet.DispatcherServlet        : Exiting from "ERROR" dispatch, status 404
2026-05-05T14:31:27.575+03:00 DEBUG 16148 --- [nio-8080-exec-5] o.s.web.servlet.DispatcherServlet        : GET "/", parameters={}
2026-05-05T14:31:27.580+03:00 DEBUG 16148 --- [nio-8080-exec-5] o.s.w.s.handler.SimpleUrlHandlerMapping  : Mapped to ResourceHttpRequestHandler [classpath [META-INF/resources/], classpath [resources/], classpath [static/], classpath [public/], ServletContext [/]]
2026-05-05T14:31:27.581+03:00 DEBUG 16148 --- [nio-8080-exec-5] o.s.w.s.r.ResourceHttpRequestHandler     : Resource not found
2026-05-05T14:31:27.581+03:00 DEBUG 16148 --- [nio-8080-exec-5] .w.s.m.s.DefaultHandlerExceptionResolver : Resolved [org.springframework.web.servlet.resource.NoResourceFoundException: No static resource .]
2026-05-05T14:31:27.582+03:00 DEBUG 16148 --- [nio-8080-exec-5] o.s.web.servlet.DispatcherServlet        : Completed 404 NOT_FOUND
2026-05-05T14:31:27.583+03:00 DEBUG 16148 --- [nio-8080-exec-5] o.s.web.servlet.DispatcherServlet        : "ERROR" dispatch for GET "/error", parameters={}
2026-05-05T14:31:27.584+03:00 DEBUG 16148 --- [nio-8080-exec-5] s.w.s.m.m.a.RequestMappingHandlerMapping : Mapped to org.springframework.boot.autoconfigure.web.servlet.error.BasicErrorController#error(HttpServletRequest)
2026-05-05T14:31:27.585+03:00 DEBUG 16148 --- [nio-8080-exec-5] o.s.w.s.m.m.a.HttpEntityMethodProcessor  : Using 'application/json', given [*/*] and supported [application/json, application/*+json]
2026-05-05T14:31:27.586+03:00 DEBUG 16148 --- [nio-8080-exec-5] o.s.w.s.m.m.a.HttpEntityMethodProcessor  : Writing [{timestamp=Tue May 05 14:31:27 GMT+03:00 2026, status=404, error=Not Found, path=/}]
2026-05-05T14:31:27.588+03:00 DEBUG 16148 --- [nio-8080-exec-5] o.s.web.servlet.DispatcherServlet        : Exiting from "ERROR" dispatch, status 404
2026-05-05T14:31:28.075+03:00 DEBUG 16148 --- [nio-8080-exec-9] o.s.web.servlet.DispatcherServlet        : GET "/", parameters={}
2026-05-05T14:31:28.080+03:00 DEBUG 16148 --- [nio-8080-exec-9] o.s.w.s.handler.SimpleUrlHandlerMapping  : Mapped to ResourceHttpRequestHandler [classpath [META-INF/resources/], classpath [resources/], classpath [static/], classpath [public/], ServletContext [/]]
2026-05-05T14:31:28.081+03:00 DEBUG 16148 --- [nio-8080-exec-9] o.s.w.s.r.ResourceHttpRequestHandler     : Resource not found
2026-05-05T14:31:28.082+03:00 DEBUG 16148 --- [nio-8080-exec-9] .w.s.m.s.DefaultHandlerExceptionResolver : Resolved [org.springframework.web.servlet.resource.NoResourceFoundException: No static resource .]
2026-05-05T14:31:28.083+03:00 DEBUG 16148 --- [nio-8080-exec-9] o.s.web.servlet.DispatcherServlet        : Completed 404 NOT_FOUND
2026-05-05T14:31:28.084+03:00 DEBUG 16148 --- [nio-8080-exec-9] o.s.web.servlet.DispatcherServlet        : "ERROR" dispatch for GET "/error", parameters={}
2026-05-05T14:31:28.085+03:00 DEBUG 16148 --- [nio-8080-exec-9] s.w.s.m.m.a.RequestMappingHandlerMapping : Mapped to org.springframework.boot.autoconfigure.web.servlet.error.BasicErrorController#error(HttpServletRequest)
2026-05-05T14:31:28.086+03:00 DEBUG 16148 --- [nio-8080-exec-9] o.s.w.s.m.m.a.HttpEntityMethodProcessor  : Using 'application/json', given [*/*] and supported [application/json, application/*+json]
2026-05-05T14:31:28.087+03:00 DEBUG 16148 --- [nio-8080-exec-9] o.s.w.s.m.m.a.HttpEntityMethodProcessor  : Writing [{timestamp=Tue May 05 14:31:28 GMT+03:00 2026, status=404, error=Not Found, path=/}]
2026-05-05T14:31:28.089+03:00 DEBUG 16148 --- [nio-8080-exec-9] o.s.web.servlet.DispatcherServlet        : Exiting from "ERROR" dispatch, status 404
2026-05-05T14:31:28.575+03:00 DEBUG 16148 --- [nio-8080-exec-7] o.s.web.servlet.DispatcherServlet        : GET "/", parameters={}
2026-05-05T14:31:28.579+03:00 DEBUG 16148 --- [nio-8080-exec-7] o.s.w.s.handler.SimpleUrlHandlerMapping  : Mapped to ResourceHttpRequestHandler [classpath [META-INF/resources/], classpath [resources/], classpath [static/], classpath [public/], ServletContext [/]]
2026-05-05T14:31:28.581+03:00 DEBUG 16148 --- [nio-8080-exec-7] o.s.w.s.r.ResourceHttpRequestHandler     : Resource not found
2026-05-05T14:31:28.582+03:00 DEBUG 16148 --- [nio-8080-exec-7] .w.s.m.s.DefaultHandlerExceptionResolver : Resolved [org.springframework.web.servlet.resource.NoResourceFoundException: No static resource .]
2026-05-05T14:31:28.582+03:00 DEBUG 16148 --- [nio-8080-exec-7] o.s.web.servlet.DispatcherServlet        : Completed 404 NOT_FOUND
2026-05-05T14:31:28.583+03:00 DEBUG 16148 --- [nio-8080-exec-7] o.s.web.servlet.DispatcherServlet        : "ERROR" dispatch for GET "/error", parameters={}
2026-05-05T14:31:28.585+03:00 DEBUG 16148 --- [nio-8080-exec-7] s.w.s.m.m.a.RequestMappingHandlerMapping : Mapped to org.springframework.boot.autoconfigure.web.servlet.error.BasicErrorController#error(HttpServletRequest)
2026-05-05T14:31:28.586+03:00 DEBUG 16148 --- [nio-8080-exec-7] o.s.w.s.m.m.a.HttpEntityMethodProcessor  : Using 'application/json', given [*/*] and supported [application/json, application/*+json]
2026-05-05T14:31:28.587+03:00 DEBUG 16148 --- [nio-8080-exec-7] o.s.w.s.m.m.a.HttpEntityMethodProcessor  : Writing [{timestamp=Tue May 05 14:31:28 GMT+03:00 2026, status=404, error=Not Found, path=/}]
2026-05-05T14:31:28.588+03:00 DEBUG 16148 --- [nio-8080-exec-7] o.s.web.servlet.DispatcherServlet        : Exiting from "ERROR" dispatch, status 404
2026-05-05T14:31:29.076+03:00 DEBUG 16148 --- [nio-8080-exec-8] o.s.web.servlet.DispatcherServlet        : GET "/", parameters={}
2026-05-05T14:31:29.081+03:00 DEBUG 16148 --- [nio-8080-exec-8] o.s.w.s.handler.SimpleUrlHandlerMapping  : Mapped to ResourceHttpRequestHandler [classpath [META-INF/resources/], classpath [resources/], classpath [static/], classpath [public/], ServletContext [/]]
2026-05-05T14:31:29.082+03:00 DEBUG 16148 --- [nio-8080-exec-8] o.s.w.s.r.ResourceHttpRequestHandler     : Resource not found
2026-05-05T14:31:29.083+03:00 DEBUG 16148 --- [nio-8080-exec-8] .w.s.m.s.DefaultHandlerExceptionResolver : Resolved [org.springframework.web.servlet.resource.NoResourceFoundException: No static resource .]
2026-05-05T14:31:29.084+03:00 DEBUG 16148 --- [nio-8080-exec-8] o.s.web.servlet.DispatcherServlet        : Completed 404 NOT_FOUND
2026-05-05T14:31:29.085+03:00 DEBUG 16148 --- [nio-8080-exec-8] o.s.web.servlet.DispatcherServlet        : "ERROR" dispatch for GET "/error", parameters={}
2026-05-05T14:31:29.086+03:00 DEBUG 16148 --- [nio-8080-exec-8] s.w.s.m.m.a.RequestMappingHandlerMapping : Mapped to org.springframework.boot.autoconfigure.web.servlet.error.BasicErrorController#error(HttpServletRequest)
2026-05-05T14:31:29.087+03:00 DEBUG 16148 --- [nio-8080-exec-8] o.s.w.s.m.m.a.HttpEntityMethodProcessor  : Using 'application/json', given [*/*] and supported [application/json, application/*+json]
2026-05-05T14:31:29.088+03:00 DEBUG 16148 --- [nio-8080-exec-8] o.s.w.s.m.m.a.HttpEntityMethodProcessor  : Writing [{timestamp=Tue May 05 14:31:29 GMT+03:00 2026, status=404, error=Not Found, path=/}]
2026-05-05T14:31:29.090+03:00 DEBUG 16148 --- [nio-8080-exec-8] o.s.web.servlet.DispatcherServlet        : Exiting from "ERROR" dispatch, status 404
2026-05-05T14:31:29.575+03:00 DEBUG 16148 --- [io-8080-exec-10] o.s.web.servlet.DispatcherServlet        : GET "/", parameters={}
2026-05-05T14:31:29.580+03:00 DEBUG 16148 --- [io-8080-exec-10] o.s.w.s.handler.SimpleUrlHandlerMapping  : Mapped to ResourceHttpRequestHandler [classpath [META-INF/resources/], classpath [resources/], classpath [static/], classpath [public/], ServletContext [/]]
2026-05-05T14:31:29.581+03:00 DEBUG 16148 --- [io-8080-exec-10] o.s.w.s.r.ResourceHttpRequestHandler     : Resource not found
2026-05-05T14:31:29.582+03:00 DEBUG 16148 --- [io-8080-exec-10] .w.s.m.s.DefaultHandlerExceptionResolver : Resolved [org.springframework.web.servlet.resource.NoResourceFoundException: No static resource .]
2026-05-05T14:31:29.582+03:00 DEBUG 16148 --- [io-8080-exec-10] o.s.web.servlet.DispatcherServlet        : Completed 404 NOT_FOUND
2026-05-05T14:31:29.583+03:00 DEBUG 16148 --- [io-8080-exec-10] o.s.web.servlet.DispatcherServlet        : "ERROR" dispatch for GET "/error", parameters={}
2026-05-05T14:31:29.584+03:00 DEBUG 16148 --- [io-8080-exec-10] s.w.s.m.m.a.RequestMappingHandlerMapping : Mapped to org.springframework.boot.autoconfigure.web.servlet.error.BasicErrorController#error(HttpServletRequest)
2026-05-05T14:31:29.584+03:00 DEBUG 16148 --- [io-8080-exec-10] o.s.w.s.m.m.a.HttpEntityMethodProcessor  : Using 'application/json', given [*/*] and supported [application/json, application/*+json]
2026-05-05T14:31:29.585+03:00 DEBUG 16148 --- [io-8080-exec-10] o.s.w.s.m.m.a.HttpEntityMethodProcessor  : Writing [{timestamp=Tue May 05 14:31:29 GMT+03:00 2026, status=404, error=Not Found, path=/}]
2026-05-05T14:31:29.586+03:00 DEBUG 16148 --- [io-8080-exec-10] o.s.web.servlet.DispatcherServlet        : Exiting from "ERROR" dispatch, status 404
2026-05-05T14:31:30.073+03:00 DEBUG 16148 --- [nio-8080-exec-5] o.s.web.servlet.DispatcherServlet        : GET "/", parameters={}
2026-05-05T14:31:30.078+03:00 DEBUG 16148 --- [nio-8080-exec-5] o.s.w.s.handler.SimpleUrlHandlerMapping  : Mapped to ResourceHttpRequestHandler [classpath [META-INF/resources/], classpath [resources/], classpath [static/], classpath [public/], ServletContext [/]]
2026-05-05T14:31:30.079+03:00 DEBUG 16148 --- [nio-8080-exec-5] o.s.w.s.r.ResourceHttpRequestHandler     : Resource not found
2026-05-05T14:31:30.080+03:00 DEBUG 16148 --- [nio-8080-exec-5] .w.s.m.s.DefaultHandlerExceptionResolver : Resolved [org.springframework.web.servlet.resource.NoResourceFoundException: No static resource .]
2026-05-05T14:31:30.080+03:00 DEBUG 16148 --- [nio-8080-exec-5] o.s.web.servlet.DispatcherServlet        : Completed 404 NOT_FOUND
2026-05-05T14:31:30.082+03:00 DEBUG 16148 --- [nio-8080-exec-5] o.s.web.servlet.DispatcherServlet        : "ERROR" dispatch for GET "/error", parameters={}
2026-05-05T14:31:30.083+03:00 DEBUG 16148 --- [nio-8080-exec-5] s.w.s.m.m.a.RequestMappingHandlerMapping : Mapped to org.springframework.boot.autoconfigure.web.servlet.error.BasicErrorController#error(HttpServletRequest)
2026-05-05T14:31:30.084+03:00 DEBUG 16148 --- [nio-8080-exec-5] o.s.w.s.m.m.a.HttpEntityMethodProcessor  : Using 'application/json', given [*/*] and supported [application/json, application/*+json]
2026-05-05T14:31:30.085+03:00 DEBUG 16148 --- [nio-8080-exec-5] o.s.w.s.m.m.a.HttpEntityMethodProcessor  : Writing [{timestamp=Tue May 05 14:31:30 GMT+03:00 2026, status=404, error=Not Found, path=/}]
2026-05-05T14:31:30.086+03:00 DEBUG 16148 --- [nio-8080-exec-5] o.s.web.servlet.DispatcherServlet        : Exiting from "ERROR" dispatch, status 404
2026-05-05T14:31:30.577+03:00 DEBUG 16148 --- [nio-8080-exec-9] o.s.web.servlet.DispatcherServlet        : GET "/", parameters={}
2026-05-05T14:31:30.582+03:00 DEBUG 16148 --- [nio-8080-exec-9] o.s.w.s.handler.SimpleUrlHandlerMapping  : Mapped to ResourceHttpRequestHandler [classpath [META-INF/resources/], classpath [resources/], classpath [static/], classpath [public/], ServletContext [/]]
2026-05-05T14:31:30.582+03:00 DEBUG 16148 --- [nio-8080-exec-9] o.s.w.s.r.ResourceHttpRequestHandler     : Resource not found
2026-05-05T14:31:30.583+03:00 DEBUG 16148 --- [nio-8080-exec-9] .w.s.m.s.DefaultHandlerExceptionResolver : Resolved [org.springframework.web.servlet.resource.NoResourceFoundException: No static resource .]
2026-05-05T14:31:30.583+03:00 DEBUG 16148 --- [nio-8080-exec-9] o.s.web.servlet.DispatcherServlet        : Completed 404 NOT_FOUND
2026-05-05T14:31:30.585+03:00 DEBUG 16148 --- [nio-8080-exec-9] o.s.web.servlet.DispatcherServlet        : "ERROR" dispatch for GET "/error", parameters={}
2026-05-05T14:31:30.586+03:00 DEBUG 16148 --- [nio-8080-exec-9] s.w.s.m.m.a.RequestMappingHandlerMapping : Mapped to org.springframework.boot.autoconfigure.web.servlet.error.BasicErrorController#error(HttpServletRequest)
2026-05-05T14:31:30.587+03:00 DEBUG 16148 --- [nio-8080-exec-9] o.s.w.s.m.m.a.HttpEntityMethodProcessor  : Using 'application/json', given [*/*] and supported [application/json, application/*+json]
2026-05-05T14:31:30.588+03:00 DEBUG 16148 --- [nio-8080-exec-9] o.s.w.s.m.m.a.HttpEntityMethodProcessor  : Writing [{timestamp=Tue May 05 14:31:30 GMT+03:00 2026, status=404, error=Not Found, path=/}]
2026-05-05T14:31:30.590+03:00 DEBUG 16148 --- [nio-8080-exec-9] o.s.web.servlet.DispatcherServlet        : Exiting from "ERROR" dispatch, status 404
2026-05-05T14:31:31.075+03:00 DEBUG 16148 --- [nio-8080-exec-7] o.s.web.servlet.DispatcherServlet        : GET "/", parameters={}
2026-05-05T14:31:31.080+03:00 DEBUG 16148 --- [nio-8080-exec-7] o.s.w.s.handler.SimpleUrlHandlerMapping  : Mapped to ResourceHttpRequestHandler [classpath [META-INF/resources/], classpath [resources/], classpath [static/], classpath [public/], ServletContext [/]]
2026-05-05T14:31:31.081+03:00 DEBUG 16148 --- [nio-8080-exec-7] o.s.w.s.r.ResourceHttpRequestHandler     : Resource not found
2026-05-05T14:31:31.083+03:00 DEBUG 16148 --- [nio-8080-exec-7] .w.s.m.s.DefaultHandlerExceptionResolver : Resolved [org.springframework.web.servlet.resource.NoResourceFoundException: No static resource .]
2026-05-05T14:31:31.083+03:00 DEBUG 16148 --- [nio-8080-exec-7] o.s.web.servlet.DispatcherServlet        : Completed 404 NOT_FOUND
2026-05-05T14:31:31.084+03:00 DEBUG 16148 --- [nio-8080-exec-7] o.s.web.servlet.DispatcherServlet        : "ERROR" dispatch for GET "/error", parameters={}
2026-05-05T14:31:31.085+03:00 DEBUG 16148 --- [nio-8080-exec-7] s.w.s.m.m.a.RequestMappingHandlerMapping : Mapped to org.springframework.boot.autoconfigure.web.servlet.error.BasicErrorController#error(HttpServletRequest)
2026-05-05T14:31:31.086+03:00 DEBUG 16148 --- [nio-8080-exec-7] o.s.w.s.m.m.a.HttpEntityMethodProcessor  : Using 'application/json', given [*/*] and supported [application/json, application/*+json]
2026-05-05T14:31:31.087+03:00 DEBUG 16148 --- [nio-8080-exec-7] o.s.w.s.m.m.a.HttpEntityMethodProcessor  : Writing [{timestamp=Tue May 05 14:31:31 GMT+03:00 2026, status=404, error=Not Found, path=/}]
2026-05-05T14:31:31.089+03:00 DEBUG 16148 --- [nio-8080-exec-7] o.s.web.servlet.DispatcherServlet        : Exiting from "ERROR" dispatch, status 404
2026-05-05T14:31:31.574+03:00 DEBUG 16148 --- [nio-8080-exec-8] o.s.web.servlet.DispatcherServlet        : GET "/", parameters={}
2026-05-05T14:31:31.578+03:00 DEBUG 16148 --- [nio-8080-exec-8] o.s.w.s.handler.SimpleUrlHandlerMapping  : Mapped to ResourceHttpRequestHandler [classpath [META-INF/resources/], classpath [resources/], classpath [static/], classpath [public/], ServletContext [/]]
2026-05-05T14:31:31.579+03:00 DEBUG 16148 --- [nio-8080-exec-8] o.s.w.s.r.ResourceHttpRequestHandler     : Resource not found
2026-05-05T14:31:31.580+03:00 DEBUG 16148 --- [nio-8080-exec-8] .w.s.m.s.DefaultHandlerExceptionResolver : Resolved [org.springframework.web.servlet.resource.NoResourceFoundException: No static resource .]
2026-05-05T14:31:31.581+03:00 DEBUG 16148 --- [nio-8080-exec-8] o.s.web.servlet.DispatcherServlet        : Completed 404 NOT_FOUND
2026-05-05T14:31:31.582+03:00 DEBUG 16148 --- [nio-8080-exec-8] o.s.web.servlet.DispatcherServlet        : "ERROR" dispatch for GET "/error", parameters={}
2026-05-05T14:31:31.583+03:00 DEBUG 16148 --- [nio-8080-exec-8] s.w.s.m.m.a.RequestMappingHandlerMapping : Mapped to org.springframework.boot.autoconfigure.web.servlet.error.BasicErrorController#error(HttpServletRequest)
2026-05-05T14:31:31.584+03:00 DEBUG 16148 --- [nio-8080-exec-8] o.s.w.s.m.m.a.HttpEntityMethodProcessor  : Using 'application/json', given [*/*] and supported [application/json, application/*+json]
2026-05-05T14:31:31.585+03:00 DEBUG 16148 --- [nio-8080-exec-8] o.s.w.s.m.m.a.HttpEntityMethodProcessor  : Writing [{timestamp=Tue May 05 14:31:31 GMT+03:00 2026, status=404, error=Not Found, path=/}]
2026-05-05T14:31:31.586+03:00 DEBUG 16148 --- [nio-8080-exec-8] o.s.web.servlet.DispatcherServlet        : Exiting from "ERROR" dispatch, status 404
2026-05-05T14:31:32.075+03:00 DEBUG 16148 --- [io-8080-exec-10] o.s.web.servlet.DispatcherServlet        : GET "/", parameters={}
2026-05-05T14:31:32.079+03:00 DEBUG 16148 --- [io-8080-exec-10] o.s.w.s.handler.SimpleUrlHandlerMapping  : Mapped to ResourceHttpRequestHandler [classpath [META-INF/resources/], classpath [resources/], classpath [static/], classpath [public/], ServletContext [/]]
2026-05-05T14:31:32.080+03:00 DEBUG 16148 --- [io-8080-exec-10] o.s.w.s.r.ResourceHttpRequestHandler     : Resource not found
2026-05-05T14:31:32.081+03:00 DEBUG 16148 --- [io-8080-exec-10] .w.s.m.s.DefaultHandlerExceptionResolver : Resolved [org.springframework.web.servlet.resource.NoResourceFoundException: No static resource .]
2026-05-05T14:31:32.081+03:00 DEBUG 16148 --- [io-8080-exec-10] o.s.web.servlet.DispatcherServlet        : Completed 404 NOT_FOUND
2026-05-05T14:31:32.082+03:00 DEBUG 16148 --- [io-8080-exec-10] o.s.web.servlet.DispatcherServlet        : "ERROR" dispatch for GET "/error", parameters={}
2026-05-05T14:31:32.084+03:00 DEBUG 16148 --- [io-8080-exec-10] s.w.s.m.m.a.RequestMappingHandlerMapping : Mapped to org.springframework.boot.autoconfigure.web.servlet.error.BasicErrorController#error(HttpServletRequest)
2026-05-05T14:31:32.085+03:00 DEBUG 16148 --- [io-8080-exec-10] o.s.w.s.m.m.a.HttpEntityMethodProcessor  : Using 'application/json', given [*/*] and supported [application/json, application/*+json]
2026-05-05T14:31:32.086+03:00 DEBUG 16148 --- [io-8080-exec-10] o.s.w.s.m.m.a.HttpEntityMethodProcessor  : Writing [{timestamp=Tue May 05 14:31:32 GMT+03:00 2026, status=404, error=Not Found, path=/}]
2026-05-05T14:31:32.088+03:00 DEBUG 16148 --- [io-8080-exec-10] o.s.web.servlet.DispatcherServlet        : Exiting from "ERROR" dispatch, status 404
2026-05-05T14:31:32.577+03:00 DEBUG 16148 --- [nio-8080-exec-5] o.s.web.servlet.DispatcherServlet        : GET "/", parameters={}
2026-05-05T14:31:32.582+03:00 DEBUG 16148 --- [nio-8080-exec-5] o.s.w.s.handler.SimpleUrlHandlerMapping  : Mapped to ResourceHttpRequestHandler [classpath [META-INF/resources/], classpath [resources/], classpath [static/], classpath [public/], ServletContext [/]]
2026-05-05T14:31:32.583+03:00 DEBUG 16148 --- [nio-8080-exec-5] o.s.w.s.r.ResourceHttpRequestHandler     : Resource not found
2026-05-05T14:31:32.583+03:00 DEBUG 16148 --- [nio-8080-exec-5] .w.s.m.s.DefaultHandlerExceptionResolver : Resolved [org.springframework.web.servlet.resource.NoResourceFoundException: No static resource .]
2026-05-05T14:31:32.584+03:00 DEBUG 16148 --- [nio-8080-exec-5] o.s.web.servlet.DispatcherServlet        : Completed 404 NOT_FOUND
2026-05-05T14:31:32.585+03:00 DEBUG 16148 --- [nio-8080-exec-5] o.s.web.servlet.DispatcherServlet        : "ERROR" dispatch for GET "/error", parameters={}
2026-05-05T14:31:32.586+03:00 DEBUG 16148 --- [nio-8080-exec-5] s.w.s.m.m.a.RequestMappingHandlerMapping : Mapped to org.springframework.boot.autoconfigure.web.servlet.error.BasicErrorController#error(HttpServletRequest)
2026-05-05T14:31:32.588+03:00 DEBUG 16148 --- [nio-8080-exec-5] o.s.w.s.m.m.a.HttpEntityMethodProcessor  : Using 'application/json', given [*/*] and supported [application/json, application/*+json]
2026-05-05T14:31:32.589+03:00 DEBUG 16148 --- [nio-8080-exec-5] o.s.w.s.m.m.a.HttpEntityMethodProcessor  : Writing [{timestamp=Tue May 05 14:31:32 GMT+03:00 2026, status=404, error=Not Found, path=/}]
2026-05-05T14:31:32.591+03:00 DEBUG 16148 --- [nio-8080-exec-5] o.s.web.servlet.DispatcherServlet        : Exiting from "ERROR" dispatch, status 404
2026-05-05T14:31:33.074+03:00 DEBUG 16148 --- [nio-8080-exec-9] o.s.web.servlet.DispatcherServlet        : GET "/", parameters={}
2026-05-05T14:31:33.078+03:00 DEBUG 16148 --- [nio-8080-exec-9] o.s.w.s.handler.SimpleUrlHandlerMapping  : Mapped to ResourceHttpRequestHandler [classpath [META-INF/resources/], classpath [resources/], classpath [static/], classpath [public/], ServletContext [/]]
2026-05-05T14:31:33.079+03:00 DEBUG 16148 --- [nio-8080-exec-9] o.s.w.s.r.ResourceHttpRequestHandler     : Resource not found
2026-05-05T14:31:33.080+03:00 DEBUG 16148 --- [nio-8080-exec-9] .w.s.m.s.DefaultHandlerExceptionResolver : Resolved [org.springframework.web.servlet.resource.NoResourceFoundException: No static resource .]
2026-05-05T14:31:33.081+03:00 DEBUG 16148 --- [nio-8080-exec-9] o.s.web.servlet.DispatcherServlet        : Completed 404 NOT_FOUND
2026-05-05T14:31:33.082+03:00 DEBUG 16148 --- [nio-8080-exec-9] o.s.web.servlet.DispatcherServlet        : "ERROR" dispatch for GET "/error", parameters={}
2026-05-05T14:31:33.083+03:00 DEBUG 16148 --- [nio-8080-exec-9] s.w.s.m.m.a.RequestMappingHandlerMapping : Mapped to org.springframework.boot.autoconfigure.web.servlet.error.BasicErrorController#error(HttpServletRequest)
2026-05-05T14:31:33.084+03:00 DEBUG 16148 --- [nio-8080-exec-9] o.s.w.s.m.m.a.HttpEntityMethodProcessor  : Using 'application/json', given [*/*] and supported [application/json, application/*+json]
2026-05-05T14:31:33.085+03:00 DEBUG 16148 --- [nio-8080-exec-9] o.s.w.s.m.m.a.HttpEntityMethodProcessor  : Writing [{timestamp=Tue May 05 14:31:33 GMT+03:00 2026, status=404, error=Not Found, path=/}]
2026-05-05T14:31:33.087+03:00 DEBUG 16148 --- [nio-8080-exec-9] o.s.web.servlet.DispatcherServlet        : Exiting from "ERROR" dispatch, status 404
2026-05-05T14:31:33.575+03:00 DEBUG 16148 --- [nio-8080-exec-7] o.s.web.servlet.DispatcherServlet        : GET "/", parameters={}
2026-05-05T14:31:33.580+03:00 DEBUG 16148 --- [nio-8080-exec-7] o.s.w.s.handler.SimpleUrlHandlerMapping  : Mapped to ResourceHttpRequestHandler [classpath [META-INF/resources/], classpath [resources/], classpath [static/], classpath [public/], ServletContext [/]]
2026-05-05T14:31:33.581+03:00 DEBUG 16148 --- [nio-8080-exec-7] o.s.w.s.r.ResourceHttpRequestHandler     : Resource not found
2026-05-05T14:31:33.581+03:00 DEBUG 16148 --- [nio-8080-exec-7] .w.s.m.s.DefaultHandlerExceptionResolver : Resolved [org.springframework.web.servlet.resource.NoResourceFoundException: No static resource .]
2026-05-05T14:31:33.582+03:00 DEBUG 16148 --- [nio-8080-exec-7] o.s.web.servlet.DispatcherServlet        : Completed 404 NOT_FOUND
2026-05-05T14:31:33.583+03:00 DEBUG 16148 --- [nio-8080-exec-7] o.s.web.servlet.DispatcherServlet        : "ERROR" dispatch for GET "/error", parameters={}
2026-05-05T14:31:33.584+03:00 DEBUG 16148 --- [nio-8080-exec-7] s.w.s.m.m.a.RequestMappingHandlerMapping : Mapped to org.springframework.boot.autoconfigure.web.servlet.error.BasicErrorController#error(HttpServletRequest)
2026-05-05T14:31:33.584+03:00 DEBUG 16148 --- [nio-8080-exec-7] o.s.w.s.m.m.a.HttpEntityMethodProcessor  : Using 'application/json', given [*/*] and supported [application/json, application/*+json]
2026-05-05T14:31:33.585+03:00 DEBUG 16148 --- [nio-8080-exec-7] o.s.w.s.m.m.a.HttpEntityMethodProcessor  : Writing [{timestamp=Tue May 05 14:31:33 GMT+03:00 2026, status=404, error=Not Found, path=/}]
2026-05-05T14:31:33.586+03:00 DEBUG 16148 --- [nio-8080-exec-7] o.s.web.servlet.DispatcherServlet        : Exiting from "ERROR" dispatch, status 404
2026-05-05T14:32:11.534+03:00 DEBUG 16148 --- [nio-8080-exec-8] o.s.web.servlet.DispatcherServlet        : GET "/", parameters={}
2026-05-05T14:32:11.538+03:00 DEBUG 16148 --- [nio-8080-exec-8] o.s.w.s.handler.SimpleUrlHandlerMapping  : Mapped to ResourceHttpRequestHandler [classpath [META-INF/resources/], classpath [resources/], classpath [static/], classpath [public/], ServletContext [/]]
2026-05-05T14:32:11.539+03:00 DEBUG 16148 --- [nio-8080-exec-8] o.s.w.s.r.ResourceHttpRequestHandler     : Resource not found
2026-05-05T14:32:11.540+03:00 DEBUG 16148 --- [nio-8080-exec-8] .w.s.m.s.DefaultHandlerExceptionResolver : Resolved [org.springframework.web.servlet.resource.NoResourceFoundException: No static resource .]
2026-05-05T14:32:11.541+03:00 DEBUG 16148 --- [nio-8080-exec-8] o.s.web.servlet.DispatcherServlet        : Completed 404 NOT_FOUND
2026-05-05T14:32:11.542+03:00 DEBUG 16148 --- [nio-8080-exec-8] o.s.web.servlet.DispatcherServlet        : "ERROR" dispatch for GET "/error", parameters={}
2026-05-05T14:32:11.543+03:00 DEBUG 16148 --- [nio-8080-exec-8] s.w.s.m.m.a.RequestMappingHandlerMapping : Mapped to org.springframework.boot.autoconfigure.web.servlet.error.BasicErrorController#error(HttpServletRequest)
2026-05-05T14:32:11.544+03:00 DEBUG 16148 --- [nio-8080-exec-8] o.s.w.s.m.m.a.HttpEntityMethodProcessor  : Using 'application/json', given [*/*] and supported [application/json, application/*+json]
2026-05-05T14:32:11.545+03:00 DEBUG 16148 --- [nio-8080-exec-8] o.s.w.s.m.m.a.HttpEntityMethodProcessor  : Writing [{timestamp=Tue May 05 14:32:11 GMT+03:00 2026, status=404, error=Not Found, path=/}]
2026-05-05T14:32:11.547+03:00 DEBUG 16148 --- [nio-8080-exec-8] o.s.web.servlet.DispatcherServlet        : Exiting from "ERROR" dispatch, status 404
2026-05-05T14:32:12.035+03:00 DEBUG 16148 --- [io-8080-exec-10] o.s.web.servlet.DispatcherServlet        : GET "/", parameters={}
2026-05-05T14:32:12.039+03:00 DEBUG 16148 --- [io-8080-exec-10] o.s.w.s.handler.SimpleUrlHandlerMapping  : Mapped to ResourceHttpRequestHandler [classpath [META-INF/resources/], classpath [resources/], classpath [static/], classpath [public/], ServletContext [/]]
2026-05-05T14:32:12.040+03:00 DEBUG 16148 --- [io-8080-exec-10] o.s.w.s.r.ResourceHttpRequestHandler     : Resource not found
2026-05-05T14:32:12.041+03:00 DEBUG 16148 --- [io-8080-exec-10] .w.s.m.s.DefaultHandlerExceptionResolver : Resolved [org.springframework.web.servlet.resource.NoResourceFoundException: No static resource .]
2026-05-05T14:32:12.041+03:00 DEBUG 16148 --- [io-8080-exec-10] o.s.web.servlet.DispatcherServlet        : Completed 404 NOT_FOUND
2026-05-05T14:32:12.042+03:00 DEBUG 16148 --- [io-8080-exec-10] o.s.web.servlet.DispatcherServlet        : "ERROR" dispatch for GET "/error", parameters={}
2026-05-05T14:32:12.042+03:00 DEBUG 16148 --- [io-8080-exec-10] s.w.s.m.m.a.RequestMappingHandlerMapping : Mapped to org.springframework.boot.autoconfigure.web.servlet.error.BasicErrorController#error(HttpServletRequest)
2026-05-05T14:32:12.043+03:00 DEBUG 16148 --- [io-8080-exec-10] o.s.w.s.m.m.a.HttpEntityMethodProcessor  : Using 'application/json', given [*/*] and supported [application/json, application/*+json]
2026-05-05T14:32:12.044+03:00 DEBUG 16148 --- [io-8080-exec-10] o.s.w.s.m.m.a.HttpEntityMethodProcessor  : Writing [{timestamp=Tue May 05 14:32:12 GMT+03:00 2026, status=404, error=Not Found, path=/}]
2026-05-05T14:32:12.045+03:00 DEBUG 16148 --- [io-8080-exec-10] o.s.web.servlet.DispatcherServlet        : Exiting from "ERROR" dispatch, status 404
2026-05-05T14:32:12.533+03:00 DEBUG 16148 --- [nio-8080-exec-5] o.s.web.servlet.DispatcherServlet        : GET "/", parameters={}
2026-05-05T14:32:12.535+03:00 DEBUG 16148 --- [nio-8080-exec-5] o.s.w.s.handler.SimpleUrlHandlerMapping  : Mapped to ResourceHttpRequestHandler [classpath [META-INF/resources/], classpath [resources/], classpath [static/], classpath [public/], ServletContext [/]]
2026-05-05T14:32:12.536+03:00 DEBUG 16148 --- [nio-8080-exec-5] o.s.w.s.r.ResourceHttpRequestHandler     : Resource not found
2026-05-05T14:32:12.536+03:00 DEBUG 16148 --- [nio-8080-exec-5] .w.s.m.s.DefaultHandlerExceptionResolver : Resolved [org.springframework.web.servlet.resource.NoResourceFoundException: No static resource .]
2026-05-05T14:32:12.537+03:00 DEBUG 16148 --- [nio-8080-exec-5] o.s.web.servlet.DispatcherServlet        : Completed 404 NOT_FOUND
2026-05-05T14:32:12.538+03:00 DEBUG 16148 --- [nio-8080-exec-5] o.s.web.servlet.DispatcherServlet        : "ERROR" dispatch for GET "/error", parameters={}
2026-05-05T14:32:12.538+03:00 DEBUG 16148 --- [nio-8080-exec-5] s.w.s.m.m.a.RequestMappingHandlerMapping : Mapped to org.springframework.boot.autoconfigure.web.servlet.error.BasicErrorController#error(HttpServletRequest)
2026-05-05T14:32:12.539+03:00 DEBUG 16148 --- [nio-8080-exec-5] o.s.w.s.m.m.a.HttpEntityMethodProcessor  : Using 'application/json', given [*/*] and supported [application/json, application/*+json]
2026-05-05T14:32:12.541+03:00 DEBUG 16148 --- [nio-8080-exec-5] o.s.w.s.m.m.a.HttpEntityMethodProcessor  : Writing [{timestamp=Tue May 05 14:32:12 GMT+03:00 2026, status=404, error=Not Found, path=/}]
2026-05-05T14:32:12.544+03:00 DEBUG 16148 --- [nio-8080-exec-5] o.s.web.servlet.DispatcherServlet        : Exiting from "ERROR" dispatch, status 404
2026-05-05T14:32:13.035+03:00 DEBUG 16148 --- [nio-8080-exec-9] o.s.web.servlet.DispatcherServlet        : GET "/", parameters={}
2026-05-05T14:32:13.037+03:00 DEBUG 16148 --- [nio-8080-exec-9] o.s.w.s.handler.SimpleUrlHandlerMapping  : Mapped to ResourceHttpRequestHandler [classpath [META-INF/resources/], classpath [resources/], classpath [static/], classpath [public/], ServletContext [/]]
2026-05-05T14:32:13.038+03:00 DEBUG 16148 --- [nio-8080-exec-9] o.s.w.s.r.ResourceHttpRequestHandler     : Resource not found
2026-05-05T14:32:13.039+03:00 DEBUG 16148 --- [nio-8080-exec-9] .w.s.m.s.DefaultHandlerExceptionResolver : Resolved [org.springframework.web.servlet.resource.NoResourceFoundException: No static resource .]
2026-05-05T14:32:13.039+03:00 DEBUG 16148 --- [nio-8080-exec-9] o.s.web.servlet.DispatcherServlet        : Completed 404 NOT_FOUND
2026-05-05T14:32:13.040+03:00 DEBUG 16148 --- [nio-8080-exec-9] o.s.web.servlet.DispatcherServlet        : "ERROR" dispatch for GET "/error", parameters={}
2026-05-05T14:32:13.041+03:00 DEBUG 16148 --- [nio-8080-exec-9] s.w.s.m.m.a.RequestMappingHandlerMapping : Mapped to org.springframework.boot.autoconfigure.web.servlet.error.BasicErrorController#error(HttpServletRequest)
2026-05-05T14:32:13.042+03:00 DEBUG 16148 --- [nio-8080-exec-9] o.s.w.s.m.m.a.HttpEntityMethodProcessor  : Using 'application/json', given [*/*] and supported [application/json, application/*+json]
2026-05-05T14:32:13.043+03:00 DEBUG 16148 --- [nio-8080-exec-9] o.s.w.s.m.m.a.HttpEntityMethodProcessor  : Writing [{timestamp=Tue May 05 14:32:13 GMT+03:00 2026, status=404, error=Not Found, path=/}]
2026-05-05T14:32:13.045+03:00 DEBUG 16148 --- [nio-8080-exec-9] o.s.web.servlet.DispatcherServlet        : Exiting from "ERROR" dispatch, status 404
2026-05-05T14:32:13.534+03:00 DEBUG 16148 --- [nio-8080-exec-7] o.s.web.servlet.DispatcherServlet        : GET "/", parameters={}
2026-05-05T14:32:13.539+03:00 DEBUG 16148 --- [nio-8080-exec-7] o.s.w.s.handler.SimpleUrlHandlerMapping  : Mapped to ResourceHttpRequestHandler [classpath [META-INF/resources/], classpath [resources/], classpath [static/], classpath [public/], ServletContext [/]]
2026-05-05T14:32:13.540+03:00 DEBUG 16148 --- [nio-8080-exec-7] o.s.w.s.r.ResourceHttpRequestHandler     : Resource not found
2026-05-05T14:32:13.540+03:00 DEBUG 16148 --- [nio-8080-exec-7] .w.s.m.s.DefaultHandlerExceptionResolver : Resolved [org.springframework.web.servlet.resource.NoResourceFoundException: No static resource .]
2026-05-05T14:32:13.540+03:00 DEBUG 16148 --- [nio-8080-exec-7] o.s.web.servlet.DispatcherServlet        : Completed 404 NOT_FOUND
2026-05-05T14:32:13.541+03:00 DEBUG 16148 --- [nio-8080-exec-7] o.s.web.servlet.DispatcherServlet        : "ERROR" dispatch for GET "/error", parameters={}
2026-05-05T14:32:13.541+03:00 DEBUG 16148 --- [nio-8080-exec-7] s.w.s.m.m.a.RequestMappingHandlerMapping : Mapped to org.springframework.boot.autoconfigure.web.servlet.error.BasicErrorController#error(HttpServletRequest)
2026-05-05T14:32:13.542+03:00 DEBUG 16148 --- [nio-8080-exec-7] o.s.w.s.m.m.a.HttpEntityMethodProcessor  : Using 'application/json', given [*/*] and supported [application/json, application/*+json]
2026-05-05T14:32:13.543+03:00 DEBUG 16148 --- [nio-8080-exec-7] o.s.w.s.m.m.a.HttpEntityMethodProcessor  : Writing [{timestamp=Tue May 05 14:32:13 GMT+03:00 2026, status=404, error=Not Found, path=/}]
2026-05-05T14:32:13.545+03:00 DEBUG 16148 --- [nio-8080-exec-7] o.s.web.servlet.DispatcherServlet        : Exiting from "ERROR" dispatch, status 404
2026-05-05T14:32:14.048+03:00 DEBUG 16148 --- [nio-8080-exec-8] o.s.web.servlet.DispatcherServlet        : GET "/", parameters={}
2026-05-05T14:32:14.052+03:00 DEBUG 16148 --- [nio-8080-exec-8] o.s.w.s.handler.SimpleUrlHandlerMapping  : Mapped to ResourceHttpRequestHandler [classpath [META-INF/resources/], classpath [resources/], classpath [static/], classpath [public/], ServletContext [/]]
2026-05-05T14:32:14.053+03:00 DEBUG 16148 --- [nio-8080-exec-8] o.s.w.s.r.ResourceHttpRequestHandler     : Resource not found
2026-05-05T14:32:14.054+03:00 DEBUG 16148 --- [nio-8080-exec-8] .w.s.m.s.DefaultHandlerExceptionResolver : Resolved [org.springframework.web.servlet.resource.NoResourceFoundException: No static resource .]
2026-05-05T14:32:14.055+03:00 DEBUG 16148 --- [nio-8080-exec-8] o.s.web.servlet.DispatcherServlet        : Completed 404 NOT_FOUND
2026-05-05T14:32:14.056+03:00 DEBUG 16148 --- [nio-8080-exec-8] o.s.web.servlet.DispatcherServlet        : "ERROR" dispatch for GET "/error", parameters={}
2026-05-05T14:32:14.057+03:00 DEBUG 16148 --- [nio-8080-exec-8] s.w.s.m.m.a.RequestMappingHandlerMapping : Mapped to org.springframework.boot.autoconfigure.web.servlet.error.BasicErrorController#error(HttpServletRequest)
2026-05-05T14:32:14.058+03:00 DEBUG 16148 --- [nio-8080-exec-8] o.s.w.s.m.m.a.HttpEntityMethodProcessor  : Using 'application/json', given [*/*] and supported [application/json, application/*+json]
2026-05-05T14:32:14.058+03:00 DEBUG 16148 --- [nio-8080-exec-8] o.s.w.s.m.m.a.HttpEntityMethodProcessor  : Writing [{timestamp=Tue May 05 14:32:14 GMT+03:00 2026, status=404, error=Not Found, path=/}]
2026-05-05T14:32:14.059+03:00 DEBUG 16148 --- [nio-8080-exec-8] o.s.web.servlet.DispatcherServlet        : Exiting from "ERROR" dispatch, status 404
2026-05-05T14:33:49.636+03:00 DEBUG 16148 --- [io-8080-exec-10] o.s.web.servlet.DispatcherServlet        : GET "/", parameters={}
2026-05-05T14:33:49.640+03:00 DEBUG 16148 --- [io-8080-exec-10] o.s.w.s.handler.SimpleUrlHandlerMapping  : Mapped to ResourceHttpRequestHandler [classpath [META-INF/resources/], classpath [resources/], classpath [static/], classpath [public/], ServletContext [/]]
2026-05-05T14:33:49.642+03:00 DEBUG 16148 --- [io-8080-exec-10] o.s.w.s.r.ResourceHttpRequestHandler     : Resource not found
2026-05-05T14:33:49.642+03:00 DEBUG 16148 --- [io-8080-exec-10] .w.s.m.s.DefaultHandlerExceptionResolver : Resolved [org.springframework.web.servlet.resource.NoResourceFoundException: No static resource .]
2026-05-05T14:33:49.642+03:00 DEBUG 16148 --- [io-8080-exec-10] o.s.web.servlet.DispatcherServlet        : Completed 404 NOT_FOUND
2026-05-05T14:33:49.642+03:00 DEBUG 16148 --- [io-8080-exec-10] o.s.web.servlet.DispatcherServlet        : "ERROR" dispatch for GET "/error", parameters={}
2026-05-05T14:33:49.644+03:00 DEBUG 16148 --- [io-8080-exec-10] s.w.s.m.m.a.RequestMappingHandlerMapping : Mapped to org.springframework.boot.autoconfigure.web.servlet.error.BasicErrorController#errorHtml(HttpServletRequest, HttpServletResponse)
2026-05-05T14:33:49.648+03:00 DEBUG 16148 --- [io-8080-exec-10] o.s.w.s.v.ContentNegotiatingViewResolver : Selected 'text/html' given [text/html, text/html;q=0.8]
2026-05-05T14:33:49.648+03:00 DEBUG 16148 --- [io-8080-exec-10] o.s.web.servlet.DispatcherServlet        : Exiting from "ERROR" dispatch, status 404
2026-05-05T14:35:10.125+03:00 DEBUG 16148 --- [nio-8080-exec-3] o.s.web.servlet.DispatcherServlet        : GET "/api/cities", parameters={}
2026-05-05T14:35:10.127+03:00 DEBUG 16148 --- [nio-8080-exec-3] s.w.s.m.m.a.RequestMappingHandlerMapping : Mapped to com.busgo.controller.CatalogController#listCities()
2026-05-05T14:35:10.175+03:00 DEBUG 16148 --- [nio-8080-exec-3] m.m.a.RequestResponseBodyMethodProcessor : Using 'application/json', given [*/*] and supported [application/json, application/*+json]
2026-05-05T14:35:10.177+03:00 DEBUG 16148 --- [nio-8080-exec-3] m.m.a.RequestResponseBodyMethodProcessor : Writing [[CityDto[id=093f3f3f-783f-4d3f-3f3f-3f3f3f3f3330, name=erzurum, countryCode=25], CityDto[id=1068713f (truncated)...]
2026-05-05T14:35:10.194+03:00 DEBUG 16148 --- [nio-8080-exec-3] o.s.web.servlet.DispatcherServlet        : Completed 200 OK
2026-05-05T14:35:10.217+03:00 DEBUG 16148 --- [nio-8080-exec-2] o.s.web.servlet.DispatcherServlet        : GET "/api/trips", parameters={}
2026-05-05T14:35:10.217+03:00 DEBUG 16148 --- [nio-8080-exec-9] o.s.web.servlet.DispatcherServlet        : GET "/api/companies", parameters={}
2026-05-05T14:35:10.217+03:00 DEBUG 16148 --- [nio-8080-exec-2] s.w.s.m.m.a.RequestMappingHandlerMapping : Mapped to com.busgo.controller.TripController#searchTrips(String, String, String)
2026-05-05T14:35:10.217+03:00 DEBUG 16148 --- [nio-8080-exec-9] s.w.s.m.m.a.RequestMappingHandlerMapping : Mapped to com.busgo.controller.CatalogController#listCompanies()
2026-05-05T14:35:10.221+03:00 DEBUG 16148 --- [nio-8080-exec-2] o.s.web.method.HandlerMethod             : Could not resolve parameter [0] in public java.util.List<com.busgo.dto.TripDtos$TripDto> com.busgo.controller.TripController.searchTrips(java.lang.String,java.lang.String,java.lang.String): Required request parameter 'from' for method parameter type String is not present
2026-05-05T14:35:10.222+03:00  WARN 16148 --- [nio-8080-exec-2] .w.s.m.s.DefaultHandlerExceptionResolver : Resolved [org.springframework.web.bind.MissingServletRequestParameterException: Required request parameter 'from' for method parameter type String is not present]
2026-05-05T14:35:10.222+03:00 DEBUG 16148 --- [nio-8080-exec-2] o.s.web.servlet.DispatcherServlet        : Completed 400 BAD_REQUEST
2026-05-05T14:35:10.223+03:00 DEBUG 16148 --- [nio-8080-exec-2] o.s.web.servlet.DispatcherServlet        : "ERROR" dispatch for GET "/error", parameters={}
2026-05-05T14:35:10.224+03:00 DEBUG 16148 --- [nio-8080-exec-2] s.w.s.m.m.a.RequestMappingHandlerMapping : Mapped to org.springframework.boot.autoconfigure.web.servlet.error.BasicErrorController#error(HttpServletRequest)
2026-05-05T14:35:10.225+03:00 DEBUG 16148 --- [nio-8080-exec-2] o.s.w.s.m.m.a.HttpEntityMethodProcessor  : Using 'application/json', given [*/*] and supported [application/json, application/*+json]
2026-05-05T14:35:10.225+03:00 DEBUG 16148 --- [nio-8080-exec-2] o.s.w.s.m.m.a.HttpEntityMethodProcessor  : Writing [{timestamp=Tue May 05 14:35:10 GMT+03:00 2026, status=400, error=Bad Request, path=/api/trips}]
2026-05-05T14:35:10.226+03:00 DEBUG 16148 --- [nio-8080-exec-2] o.s.web.servlet.DispatcherServlet        : Exiting from "ERROR" dispatch, status 400
2026-05-05T14:35:10.227+03:00 DEBUG 16148 --- [nio-8080-exec-9] m.m.a.RequestResponseBodyMethodProcessor : Using 'application/json', given [*/*] and supported [application/json, application/*+json]
2026-05-05T14:35:10.230+03:00 DEBUG 16148 --- [nio-8080-exec-9] m.m.a.RequestResponseBodyMethodProcessor : Writing [[CompanyDto[id=3f3f3f2e-6b7e-4b3f-3f3f-3f441070591f, name=VanG??l??Seyahat, phone=5550000001, email= (truncated)...]
2026-05-05T14:35:10.233+03:00 DEBUG 16148 --- [nio-8080-exec-9] o.s.web.servlet.DispatcherServlet        : Completed 200 OK
2026-05-05T14:36:27.324+03:00 DEBUG 16148 --- [nio-8080-exec-4] o.s.web.servlet.DispatcherServlet        : GET "/api/cities", parameters={}
2026-05-05T14:36:27.325+03:00 DEBUG 16148 --- [nio-8080-exec-4] s.w.s.m.m.a.RequestMappingHandlerMapping : Mapped to com.busgo.controller.CatalogController#listCities()
2026-05-05T14:36:27.331+03:00 DEBUG 16148 --- [nio-8080-exec-4] m.m.a.RequestResponseBodyMethodProcessor : Using 'application/json', given [*/*] and supported [application/json, application/*+json]
2026-05-05T14:36:27.332+03:00 DEBUG 16148 --- [nio-8080-exec-4] m.m.a.RequestResponseBodyMethodProcessor : Writing [[CityDto[id=093f3f3f-783f-4d3f-3f3f-3f3f3f3f3330, name=erzurum, countryCode=25], CityDto[id=1068713f (truncated)...]
2026-05-05T14:36:27.333+03:00 DEBUG 16148 --- [nio-8080-exec-4] o.s.web.servlet.DispatcherServlet        : Completed 200 OK
2026-05-05T14:36:54.993+03:00 DEBUG 16148 --- [nio-8080-exec-1] o.s.web.servlet.DispatcherServlet        : GET "/api/cities", parameters={}
2026-05-05T14:36:54.994+03:00 DEBUG 16148 --- [nio-8080-exec-1] s.w.s.m.m.a.RequestMappingHandlerMapping : Mapped to com.busgo.controller.CatalogController#listCities()
2026-05-05T14:36:54.998+03:00 DEBUG 16148 --- [nio-8080-exec-1] m.m.a.RequestResponseBodyMethodProcessor : Using 'application/json', given [*/*] and supported [application/json, application/*+json]
2026-05-05T14:36:54.999+03:00 DEBUG 16148 --- [nio-8080-exec-1] m.m.a.RequestResponseBodyMethodProcessor : Writing [[CityDto[id=093f3f3f-783f-4d3f-3f3f-3f3f3f3f3330, name=erzurum, countryCode=25], CityDto[id=1068713f (truncated)...]
2026-05-05T14:36:55.000+03:00 DEBUG 16148 --- [nio-8080-exec-1] o.s.web.servlet.DispatcherServlet        : Completed 200 OK
2026-05-05T14:37:02.341+03:00 DEBUG 16148 --- [nio-8080-exec-3] o.s.web.servlet.DispatcherServlet        : GET "/", parameters={}
2026-05-05T14:37:02.343+03:00 DEBUG 16148 --- [nio-8080-exec-3] o.s.w.s.handler.SimpleUrlHandlerMapping  : Mapped to ResourceHttpRequestHandler [classpath [META-INF/resources/], classpath [resources/], classpath [static/], classpath [public/], ServletContext [/]]
2026-05-05T14:37:02.343+03:00 DEBUG 16148 --- [nio-8080-exec-3] o.s.w.s.r.ResourceHttpRequestHandler     : Resource not found
2026-05-05T14:37:02.343+03:00 DEBUG 16148 --- [nio-8080-exec-3] .w.s.m.s.DefaultHandlerExceptionResolver : Resolved [org.springframework.web.servlet.resource.NoResourceFoundException: No static resource .]
2026-05-05T14:37:02.343+03:00 DEBUG 16148 --- [nio-8080-exec-3] o.s.web.servlet.DispatcherServlet        : Completed 404 NOT_FOUND
2026-05-05T14:37:02.349+03:00 DEBUG 16148 --- [nio-8080-exec-3] o.s.web.servlet.DispatcherServlet        : "ERROR" dispatch for GET "/error", parameters={}
2026-05-05T14:37:02.349+03:00 DEBUG 16148 --- [nio-8080-exec-3] s.w.s.m.m.a.RequestMappingHandlerMapping : Mapped to org.springframework.boot.autoconfigure.web.servlet.error.BasicErrorController#errorHtml(HttpServletRequest, HttpServletResponse)
2026-05-05T14:37:02.352+03:00 DEBUG 16148 --- [nio-8080-exec-3] o.s.w.s.v.ContentNegotiatingViewResolver : Selected 'text/html' given [text/html, text/html;q=0.8]
2026-05-05T14:37:02.352+03:00 DEBUG 16148 --- [nio-8080-exec-3] o.s.web.servlet.DispatcherServlet        : Exiting from "ERROR" dispatch, status 404
2026-05-05T14:37:03.485+03:00 DEBUG 16148 --- [nio-8080-exec-2] o.s.web.servlet.DispatcherServlet        : GET "/", parameters={}
2026-05-05T14:37:03.485+03:00 DEBUG 16148 --- [nio-8080-exec-2] o.s.w.s.handler.SimpleUrlHandlerMapping  : Mapped to ResourceHttpRequestHandler [classpath [META-INF/resources/], classpath [resources/], classpath [static/], classpath [public/], ServletContext [/]]
2026-05-05T14:37:03.492+03:00 DEBUG 16148 --- [nio-8080-exec-2] o.s.w.s.r.ResourceHttpRequestHandler     : Resource not found
2026-05-05T14:37:03.492+03:00 DEBUG 16148 --- [nio-8080-exec-2] .w.s.m.s.DefaultHandlerExceptionResolver : Resolved [org.springframework.web.servlet.resource.NoResourceFoundException: No static resource .]
2026-05-05T14:37:03.494+03:00 DEBUG 16148 --- [nio-8080-exec-2] o.s.web.servlet.DispatcherServlet        : Completed 404 NOT_FOUND
2026-05-05T14:37:03.494+03:00 DEBUG 16148 --- [nio-8080-exec-2] o.s.web.servlet.DispatcherServlet        : "ERROR" dispatch for GET "/error", parameters={}
2026-05-05T14:37:03.496+03:00 DEBUG 16148 --- [nio-8080-exec-2] s.w.s.m.m.a.RequestMappingHandlerMapping : Mapped to org.springframework.boot.autoconfigure.web.servlet.error.BasicErrorController#errorHtml(HttpServletRequest, HttpServletResponse)
2026-05-05T14:37:03.498+03:00 DEBUG 16148 --- [nio-8080-exec-2] o.s.w.s.v.ContentNegotiatingViewResolver : Selected 'text/html' given [text/html, text/html;q=0.8]
2026-05-05T14:37:03.498+03:00 DEBUG 16148 --- [nio-8080-exec-2] o.s.web.servlet.DispatcherServlet        : Exiting from "ERROR" dispatch, status 404
2026-05-05T14:37:06.096+03:00 DEBUG 16148 --- [nio-8080-exec-9] o.s.web.servlet.DispatcherServlet        : GET "/api/cities", parameters={}
2026-05-05T14:37:06.098+03:00 DEBUG 16148 --- [nio-8080-exec-9] s.w.s.m.m.a.RequestMappingHandlerMapping : Mapped to com.busgo.controller.CatalogController#listCities()
2026-05-05T14:37:06.098+03:00 DEBUG 16148 --- [nio-8080-exec-9] m.m.a.RequestResponseBodyMethodProcessor : Using 'application/json', given [*/*] and supported [application/json, application/*+json]
2026-05-05T14:37:06.108+03:00 DEBUG 16148 --- [nio-8080-exec-9] m.m.a.RequestResponseBodyMethodProcessor : Writing [[CityDto[id=093f3f3f-783f-4d3f-3f3f-3f3f3f3f3330, name=erzurum, countryCode=25], CityDto[id=1068713f (truncated)...]
2026-05-05T14:37:06.108+03:00 DEBUG 16148 --- [nio-8080-exec-9] o.s.web.servlet.DispatcherServlet        : Completed 200 OK
2026-05-05T14:37:43.734+03:00 DEBUG 16148 --- [nio-8080-exec-6] o.s.web.servlet.DispatcherServlet        : GET "/", parameters={}
2026-05-05T14:37:43.735+03:00 DEBUG 16148 --- [nio-8080-exec-6] o.s.w.s.handler.SimpleUrlHandlerMapping  : Mapped to ResourceHttpRequestHandler [classpath [META-INF/resources/], classpath [resources/], classpath [static/], classpath [public/], ServletContext [/]]
2026-05-05T14:37:43.735+03:00 DEBUG 16148 --- [nio-8080-exec-6] o.s.w.s.r.ResourceHttpRequestHandler     : Resource not found
2026-05-05T14:37:43.735+03:00 DEBUG 16148 --- [nio-8080-exec-6] .w.s.m.s.DefaultHandlerExceptionResolver : Resolved [org.springframework.web.servlet.resource.NoResourceFoundException: No static resource .]
2026-05-05T14:37:43.741+03:00 DEBUG 16148 --- [nio-8080-exec-6] o.s.web.servlet.DispatcherServlet        : Completed 404 NOT_FOUND
2026-05-05T14:37:43.742+03:00 DEBUG 16148 --- [nio-8080-exec-6] o.s.web.servlet.DispatcherServlet        : "ERROR" dispatch for GET "/error", parameters={}
2026-05-05T14:37:43.742+03:00 DEBUG 16148 --- [nio-8080-exec-6] s.w.s.m.m.a.RequestMappingHandlerMapping : Mapped to org.springframework.boot.autoconfigure.web.servlet.error.BasicErrorController#errorHtml(HttpServletRequest, HttpServletResponse)
2026-05-05T14:37:43.744+03:00 DEBUG 16148 --- [nio-8080-exec-6] o.s.w.s.v.ContentNegotiatingViewResolver : Selected 'text/html' given [text/html, text/html;q=0.8]
2026-05-05T14:37:43.744+03:00 DEBUG 16148 --- [nio-8080-exec-6] o.s.web.servlet.DispatcherServlet        : Exiting from "ERROR" dispatch, status 404
2026-05-05T14:37:44.590+03:00 DEBUG 16148 --- [nio-8080-exec-8] o.s.web.servlet.DispatcherServlet        : GET "/", parameters={}
2026-05-05T14:37:44.595+03:00 DEBUG 16148 --- [nio-8080-exec-8] o.s.w.s.handler.SimpleUrlHandlerMapping  : Mapped to ResourceHttpRequestHandler [classpath [META-INF/resources/], classpath [resources/], classpath [static/], classpath [public/], ServletContext [/]]
2026-05-05T14:37:44.595+03:00 DEBUG 16148 --- [nio-8080-exec-8] o.s.w.s.r.ResourceHttpRequestHandler     : Resource not found
2026-05-05T14:37:44.595+03:00 DEBUG 16148 --- [nio-8080-exec-8] .w.s.m.s.DefaultHandlerExceptionResolver : Resolved [org.springframework.web.servlet.resource.NoResourceFoundException: No static resource .]
2026-05-05T14:37:44.595+03:00 DEBUG 16148 --- [nio-8080-exec-8] o.s.web.servlet.DispatcherServlet        : Completed 404 NOT_FOUND
2026-05-05T14:37:44.595+03:00 DEBUG 16148 --- [nio-8080-exec-8] o.s.web.servlet.DispatcherServlet        : "ERROR" dispatch for GET "/error", parameters={}
2026-05-05T14:37:44.595+03:00 DEBUG 16148 --- [nio-8080-exec-8] s.w.s.m.m.a.RequestMappingHandlerMapping : Mapped to org.springframework.boot.autoconfigure.web.servlet.error.BasicErrorController#errorHtml(HttpServletRequest, HttpServletResponse)
2026-05-05T14:37:44.600+03:00 DEBUG 16148 --- [nio-8080-exec-8] o.s.w.s.v.ContentNegotiatingViewResolver : Selected 'text/html' given [text/html, text/html;q=0.8]
2026-05-05T14:37:44.600+03:00 DEBUG 16148 --- [nio-8080-exec-8] o.s.web.servlet.DispatcherServlet        : Exiting from "ERROR" dispatch, status 404
2026-05-05T14:40:20.106+03:00 DEBUG 16148 --- [nio-8080-exec-1] o.s.web.servlet.DispatcherServlet        : GET "/api/cities", parameters={}
2026-05-05T14:40:20.111+03:00 DEBUG 16148 --- [nio-8080-exec-1] s.w.s.m.m.a.RequestMappingHandlerMapping : Mapped to com.busgo.controller.CatalogController#listCities()
2026-05-05T14:40:20.116+03:00 DEBUG 16148 --- [nio-8080-exec-1] m.m.a.RequestResponseBodyMethodProcessor : Using 'application/json', given [*/*] and supported [application/json, application/*+json]
2026-05-05T14:40:20.116+03:00 DEBUG 16148 --- [nio-8080-exec-1] m.m.a.RequestResponseBodyMethodProcessor : Writing [[CityDto[id=093f3f3f-783f-4d3f-3f3f-3f3f3f3f3330, name=erzurum, countryCode=25], CityDto[id=1068713f (truncated)...]
2026-05-05T14:40:20.117+03:00 DEBUG 16148 --- [nio-8080-exec-1] o.s.web.servlet.DispatcherServlet        : Completed 200 OK
2026-05-05T14:40:25.185+03:00 DEBUG 16148 --- [nio-8080-exec-3] o.s.web.servlet.DispatcherServlet        : GET "/api/cities", parameters={}
2026-05-05T14:40:25.186+03:00 DEBUG 16148 --- [nio-8080-exec-3] s.w.s.m.m.a.RequestMappingHandlerMapping : Mapped to com.busgo.controller.CatalogController#listCities()
2026-05-05T14:40:25.193+03:00 DEBUG 16148 --- [nio-8080-exec-3] m.m.a.RequestResponseBodyMethodProcessor : Using 'application/json', given [*/*] and supported [application/json, application/*+json]
2026-05-05T14:40:25.193+03:00 DEBUG 16148 --- [nio-8080-exec-3] m.m.a.RequestResponseBodyMethodProcessor : Writing [[CityDto[id=093f3f3f-783f-4d3f-3f3f-3f3f3f3f3330, name=erzurum, countryCode=25], CityDto[id=1068713f (truncated)...]
2026-05-05T14:40:25.194+03:00 DEBUG 16148 --- [nio-8080-exec-3] o.s.web.servlet.DispatcherServlet        : Completed 200 OK
2026-05-05T14:40:37.862+03:00 DEBUG 16148 --- [nio-8080-exec-9] o.s.web.servlet.DispatcherServlet        : GET "/", parameters={}
2026-05-05T14:40:37.862+03:00 DEBUG 16148 --- [nio-8080-exec-9] o.s.w.s.handler.SimpleUrlHandlerMapping  : Mapped to ResourceHttpRequestHandler [classpath [META-INF/resources/], classpath [resources/], classpath [static/], classpath [public/], ServletContext [/]]
2026-05-05T14:40:37.862+03:00 DEBUG 16148 --- [nio-8080-exec-9] o.s.w.s.r.ResourceHttpRequestHandler     : Resource not found
2026-05-05T14:40:37.862+03:00 DEBUG 16148 --- [nio-8080-exec-9] .w.s.m.s.DefaultHandlerExceptionResolver : Resolved [org.springframework.web.servlet.resource.NoResourceFoundException: No static resource .]
2026-05-05T14:40:37.862+03:00 DEBUG 16148 --- [nio-8080-exec-9] o.s.web.servlet.DispatcherServlet        : Completed 404 NOT_FOUND
2026-05-05T14:40:37.862+03:00 DEBUG 16148 --- [nio-8080-exec-9] o.s.web.servlet.DispatcherServlet        : "ERROR" dispatch for GET "/error", parameters={}
2026-05-05T14:40:37.867+03:00 DEBUG 16148 --- [nio-8080-exec-9] s.w.s.m.m.a.RequestMappingHandlerMapping : Mapped to org.springframework.boot.autoconfigure.web.servlet.error.BasicErrorController#errorHtml(HttpServletRequest, HttpServletResponse)
2026-05-05T14:40:37.870+03:00 DEBUG 16148 --- [nio-8080-exec-9] o.s.w.s.v.ContentNegotiatingViewResolver : Selected 'text/html' given [text/html, text/html;q=0.8]
2026-05-05T14:40:37.871+03:00 DEBUG 16148 --- [nio-8080-exec-9] o.s.web.servlet.DispatcherServlet        : Exiting from "ERROR" dispatch, status 404
2026-05-05T14:40:38.928+03:00 DEBUG 16148 --- [nio-8080-exec-7] o.s.web.servlet.DispatcherServlet        : GET "/", parameters={}
2026-05-05T14:40:38.929+03:00 DEBUG 16148 --- [nio-8080-exec-7] o.s.w.s.handler.SimpleUrlHandlerMapping  : Mapped to ResourceHttpRequestHandler [classpath [META-INF/resources/], classpath [resources/], classpath [static/], classpath [public/], ServletContext [/]]
2026-05-05T14:40:38.929+03:00 DEBUG 16148 --- [nio-8080-exec-7] o.s.w.s.r.ResourceHttpRequestHandler     : Resource not found
2026-05-05T14:40:38.929+03:00 DEBUG 16148 --- [nio-8080-exec-7] .w.s.m.s.DefaultHandlerExceptionResolver : Resolved [org.springframework.web.servlet.resource.NoResourceFoundException: No static resource .]
2026-05-05T14:40:38.929+03:00 DEBUG 16148 --- [nio-8080-exec-7] o.s.web.servlet.DispatcherServlet        : Completed 404 NOT_FOUND
2026-05-05T14:40:38.929+03:00 DEBUG 16148 --- [nio-8080-exec-7] o.s.web.servlet.DispatcherServlet        : "ERROR" dispatch for GET "/error", parameters={}
2026-05-05T14:40:38.929+03:00 DEBUG 16148 --- [nio-8080-exec-7] s.w.s.m.m.a.RequestMappingHandlerMapping : Mapped to org.springframework.boot.autoconfigure.web.servlet.error.BasicErrorController#errorHtml(HttpServletRequest, HttpServletResponse)
2026-05-05T14:40:38.933+03:00 DEBUG 16148 --- [nio-8080-exec-7] o.s.w.s.v.ContentNegotiatingViewResolver : Selected 'text/html' given [text/html, text/html;q=0.8]
2026-05-05T14:40:38.933+03:00 DEBUG 16148 --- [nio-8080-exec-7] o.s.web.servlet.DispatcherServlet        : Exiting from "ERROR" dispatch, status 404
2026-05-05T14:41:03.919+03:00 DEBUG 16148 --- [nio-8080-exec-6] o.s.web.servlet.DispatcherServlet        : GET "/api", parameters={}
2026-05-05T14:41:03.921+03:00 DEBUG 16148 --- [nio-8080-exec-6] o.s.w.s.handler.SimpleUrlHandlerMapping  : Mapped to ResourceHttpRequestHandler [classpath [META-INF/resources/], classpath [resources/], classpath [static/], classpath [public/], ServletContext [/]]
2026-05-05T14:41:03.923+03:00 DEBUG 16148 --- [nio-8080-exec-6] o.s.w.s.r.ResourceHttpRequestHandler     : Resource not found
2026-05-05T14:41:03.926+03:00 DEBUG 16148 --- [nio-8080-exec-6] .w.s.m.s.DefaultHandlerExceptionResolver : Resolved [org.springframework.web.servlet.resource.NoResourceFoundException: No static resource api.]
2026-05-05T14:41:03.926+03:00 DEBUG 16148 --- [nio-8080-exec-6] o.s.web.servlet.DispatcherServlet        : Completed 404 NOT_FOUND
2026-05-05T14:41:03.928+03:00 DEBUG 16148 --- [nio-8080-exec-6] o.s.web.servlet.DispatcherServlet        : "ERROR" dispatch for GET "/error", parameters={}
2026-05-05T14:41:03.928+03:00 DEBUG 16148 --- [nio-8080-exec-6] s.w.s.m.m.a.RequestMappingHandlerMapping : Mapped to org.springframework.boot.autoconfigure.web.servlet.error.BasicErrorController#errorHtml(HttpServletRequest, HttpServletResponse)
2026-05-05T14:41:03.928+03:00 DEBUG 16148 --- [nio-8080-exec-6] o.s.w.s.v.ContentNegotiatingViewResolver : Selected 'text/html' given [text/html, text/html;q=0.8]
2026-05-05T14:41:03.928+03:00 DEBUG 16148 --- [nio-8080-exec-6] o.s.web.servlet.DispatcherServlet        : Exiting from "ERROR" dispatch, status 404
2026-05-05T14:41:03.964+03:00 DEBUG 16148 --- [nio-8080-exec-8] o.s.web.servlet.DispatcherServlet        : GET "/favicon.ico", parameters={}
2026-05-05T14:41:03.964+03:00 DEBUG 16148 --- [nio-8080-exec-8] o.s.w.s.handler.SimpleUrlHandlerMapping  : Mapped to ResourceHttpRequestHandler [classpath [META-INF/resources/], classpath [resources/], classpath [static/], classpath [public/], ServletContext [/]]
2026-05-05T14:41:03.972+03:00 DEBUG 16148 --- [nio-8080-exec-8] o.s.w.s.r.ResourceHttpRequestHandler     : Resource not found
2026-05-05T14:41:03.974+03:00 DEBUG 16148 --- [nio-8080-exec-8] .w.s.m.s.DefaultHandlerExceptionResolver : Resolved [org.springframework.web.servlet.resource.NoResourceFoundException: No static resource favicon.ico.]
2026-05-05T14:41:03.974+03:00 DEBUG 16148 --- [nio-8080-exec-8] o.s.web.servlet.DispatcherServlet        : Completed 404 NOT_FOUND
2026-05-05T14:41:03.976+03:00 DEBUG 16148 --- [nio-8080-exec-8] o.s.web.servlet.DispatcherServlet        : "ERROR" dispatch for GET "/error", parameters={}
2026-05-05T14:41:03.976+03:00 DEBUG 16148 --- [nio-8080-exec-8] s.w.s.m.m.a.RequestMappingHandlerMapping : Mapped to org.springframework.boot.autoconfigure.web.servlet.error.BasicErrorController#error(HttpServletRequest)
2026-05-05T14:41:03.979+03:00 DEBUG 16148 --- [nio-8080-exec-8] o.s.w.s.m.m.a.HttpEntityMethodProcessor  : Using 'application/json;q=0.8', given [image/avif, image/webp, image/apng, image/svg+xml, image/*, */*;q=0.8] and supported [application/json, application/*+json]
2026-05-05T14:41:03.979+03:00 DEBUG 16148 --- [nio-8080-exec-8] o.s.w.s.m.m.a.HttpEntityMethodProcessor  : Writing [{timestamp=Tue May 05 14:41:03 GMT+03:00 2026, status=404, error=Not Found, path=/favicon.ico}]
2026-05-05T14:41:03.979+03:00 DEBUG 16148 --- [nio-8080-exec-8] o.s.web.servlet.DispatcherServlet        : Exiting from "ERROR" dispatch, status 404
2026-05-05T14:41:27.034+03:00 DEBUG 16148 --- [nio-8080-exec-4] o.s.web.servlet.DispatcherServlet        : OPTIONS "/api/cities", parameters={}
2026-05-05T14:41:27.034+03:00 DEBUG 16148 --- [nio-8080-exec-4] s.w.s.m.m.a.RequestMappingHandlerMapping : Mapped to com.busgo.controller.CatalogController#listCities()
2026-05-05T14:41:27.048+03:00 DEBUG 16148 --- [nio-8080-exec-4] o.s.web.servlet.DispatcherServlet        : Completed 200 OK
2026-05-05T14:41:27.066+03:00 DEBUG 16148 --- [io-8080-exec-10] o.s.web.servlet.DispatcherServlet        : GET "/api/cities", parameters={}
2026-05-05T14:41:27.066+03:00 DEBUG 16148 --- [io-8080-exec-10] s.w.s.m.m.a.RequestMappingHandlerMapping : Mapped to com.busgo.controller.CatalogController#listCities()
2026-05-05T14:41:27.081+03:00 DEBUG 16148 --- [io-8080-exec-10] m.m.a.RequestResponseBodyMethodProcessor : Using 'application/json', given [*/*] and supported [application/json, application/*+json]
2026-05-05T14:41:27.082+03:00 DEBUG 16148 --- [io-8080-exec-10] m.m.a.RequestResponseBodyMethodProcessor : Writing [[CityDto[id=093f3f3f-783f-4d3f-3f3f-3f3f3f3f3330, name=erzurum, countryCode=25], CityDto[id=1068713f (truncated)...]
2026-05-05T14:41:27.082+03:00 DEBUG 16148 --- [io-8080-exec-10] o.s.web.servlet.DispatcherServlet        : Completed 200 OK
2026-05-05T14:41:27.091+03:00 DEBUG 16148 --- [nio-8080-exec-1] o.s.web.servlet.DispatcherServlet        : GET "/api/cities", parameters={}
2026-05-05T14:41:27.093+03:00 DEBUG 16148 --- [nio-8080-exec-1] s.w.s.m.m.a.RequestMappingHandlerMapping : Mapped to com.busgo.controller.CatalogController#listCities()
2026-05-05T14:41:27.103+03:00 DEBUG 16148 --- [nio-8080-exec-1] m.m.a.RequestResponseBodyMethodProcessor : Using 'application/json', given [*/*] and supported [application/json, application/*+json]
2026-05-05T14:41:27.105+03:00 DEBUG 16148 --- [nio-8080-exec-1] m.m.a.RequestResponseBodyMethodProcessor : Writing [[CityDto[id=093f3f3f-783f-4d3f-3f3f-3f3f3f3f3330, name=erzurum, countryCode=25], CityDto[id=1068713f (truncated)...]
2026-05-05T14:41:27.105+03:00 DEBUG 16148 --- [nio-8080-exec-1] o.s.web.servlet.DispatcherServlet        : Completed 200 OK
2026-05-05T15:04:02.853+03:00 DEBUG 16148 --- [nio-8080-exec-9] o.s.web.servlet.DispatcherServlet        : GET "/api/cities", parameters={}
2026-05-05T15:04:02.853+03:00 DEBUG 16148 --- [nio-8080-exec-9] s.w.s.m.m.a.RequestMappingHandlerMapping : Mapped to com.busgo.controller.CatalogController#listCities()
2026-05-05T15:04:02.870+03:00 DEBUG 16148 --- [nio-8080-exec-9] m.m.a.RequestResponseBodyMethodProcessor : Using 'application/json', given [*/*] and supported [application/json, application/*+json]
2026-05-05T15:04:02.872+03:00 DEBUG 16148 --- [nio-8080-exec-9] m.m.a.RequestResponseBodyMethodProcessor : Writing [[CityDto[id=093f3f3f-783f-4d3f-3f3f-3f3f3f3f3330, name=erzurum, countryCode=25], CityDto[id=1068713f (truncated)...]
2026-05-05T15:04:02.874+03:00 DEBUG 16148 --- [nio-8080-exec-9] o.s.web.servlet.DispatcherServlet        : Completed 200 OK
2026-05-05T15:05:03.492+03:00 DEBUG 16148 --- [nio-8080-exec-6] o.s.web.servlet.DispatcherServlet        : GET "/api/cities", parameters={}
2026-05-05T15:05:03.492+03:00 DEBUG 16148 --- [nio-8080-exec-6] s.w.s.m.m.a.RequestMappingHandlerMapping : Mapped to com.busgo.controller.CatalogController#listCities()
2026-05-05T15:05:03.505+03:00 DEBUG 16148 --- [nio-8080-exec-6] m.m.a.RequestResponseBodyMethodProcessor : Using 'application/json', given [*/*] and supported [application/json, application/*+json]
2026-05-05T15:05:03.505+03:00 DEBUG 16148 --- [nio-8080-exec-6] m.m.a.RequestResponseBodyMethodProcessor : Writing [[CityDto[id=093f3f3f-783f-4d3f-3f3f-3f3f3f3f3330, name=erzurum, countryCode=25], CityDto[id=1068713f (truncated)...]
2026-05-05T15:05:03.508+03:00 DEBUG 16148 --- [nio-8080-exec-6] o.s.web.servlet.DispatcherServlet        : Completed 200 OK
2026-05-05T15:05:57.386+03:00 DEBUG 16148 --- [nio-8080-exec-8] o.s.web.servlet.DispatcherServlet        : OPTIONS "/api/auth/register", parameters={}
2026-05-05T15:05:57.389+03:00 DEBUG 16148 --- [nio-8080-exec-8] s.w.s.m.m.a.RequestMappingHandlerMapping : Mapped to com.busgo.controller.AuthController#register(RegisterRequest)
2026-05-05T15:05:57.389+03:00 DEBUG 16148 --- [nio-8080-exec-8] o.s.web.servlet.DispatcherServlet        : Completed 200 OK
2026-05-05T15:05:57.394+03:00 DEBUG 16148 --- [nio-8080-exec-4] o.s.web.servlet.DispatcherServlet        : POST "/api/auth/register", parameters={}
2026-05-05T15:05:57.396+03:00 DEBUG 16148 --- [nio-8080-exec-4] s.w.s.m.m.a.RequestMappingHandlerMapping : Mapped to com.busgo.controller.AuthController#register(RegisterRequest)
2026-05-05T15:05:57.456+03:00 DEBUG 16148 --- [nio-8080-exec-4] m.m.a.RequestResponseBodyMethodProcessor : Read "application/json;charset=UTF-8" to [RegisterRequest[username=harun resit müküs, email=harunmukuss@gmail.com, password=123456]]
2026-05-05T15:05:57.809+03:00 DEBUG 16148 --- [nio-8080-exec-4] o.s.w.s.m.m.a.HttpEntityMethodProcessor  : Using 'application/json', given [*/*] and supported [application/json, application/*+json]
2026-05-05T15:05:57.815+03:00 DEBUG 16148 --- [nio-8080-exec-4] o.s.w.s.m.m.a.HttpEntityMethodProcessor  : Writing [AuthResponse[token=ddfd064e-810b-45dc-954b-3b5baa95443b, user=UserDto[email=harunmukuss@gmail.com, u (truncated)...]
2026-05-05T15:05:57.824+03:00 DEBUG 16148 --- [nio-8080-exec-4] o.s.web.servlet.DispatcherServlet        : Completed 201 CREATED
2026-05-05T15:05:58.686+03:00 DEBUG 16148 --- [io-8080-exec-10] o.s.web.servlet.DispatcherServlet        : OPTIONS "/api/auth/me", parameters={}
2026-05-05T15:05:58.686+03:00 DEBUG 16148 --- [io-8080-exec-10] s.w.s.m.m.a.RequestMappingHandlerMapping : Mapped to com.busgo.controller.AuthController#me(HttpServletRequest)
2026-05-05T15:05:58.686+03:00 DEBUG 16148 --- [io-8080-exec-10] o.s.web.servlet.DispatcherServlet        : Completed 200 OK
2026-05-05T15:05:58.690+03:00 DEBUG 16148 --- [nio-8080-exec-1] o.s.web.servlet.DispatcherServlet        : GET "/api/auth/me", parameters={}
2026-05-05T15:05:58.691+03:00 DEBUG 16148 --- [nio-8080-exec-1] s.w.s.m.m.a.RequestMappingHandlerMapping : Mapped to com.busgo.controller.AuthController#me(HttpServletRequest)
2026-05-05T15:05:58.726+03:00 DEBUG 16148 --- [nio-8080-exec-1] m.m.a.RequestResponseBodyMethodProcessor : Using 'application/json', given [*/*] and supported [application/json, application/*+json]
2026-05-05T15:05:58.726+03:00 DEBUG 16148 --- [nio-8080-exec-1] m.m.a.RequestResponseBodyMethodProcessor : Writing [UserDto[email=harunmukuss@gmail.com, username=harun resit müküs, role=user, demoBalance=5000.00, com (truncated)...]
2026-05-05T15:05:58.726+03:00 DEBUG 16148 --- [nio-8080-exec-1] o.s.web.servlet.DispatcherServlet        : Completed 200 OK
2026-05-05T15:05:58.744+03:00 DEBUG 16148 --- [nio-8080-exec-5] o.s.web.servlet.DispatcherServlet        : OPTIONS "/api/cities", parameters={}
2026-05-05T15:05:58.746+03:00 DEBUG 16148 --- [nio-8080-exec-5] s.w.s.m.m.a.RequestMappingHandlerMapping : Mapped to com.busgo.controller.CatalogController#listCities()
2026-05-05T15:05:58.748+03:00 DEBUG 16148 --- [nio-8080-exec-5] o.s.web.servlet.DispatcherServlet        : Completed 200 OK
2026-05-05T15:05:58.750+03:00 DEBUG 16148 --- [nio-8080-exec-3] o.s.web.servlet.DispatcherServlet        : GET "/api/cities", parameters={}
2026-05-05T15:05:58.750+03:00 DEBUG 16148 --- [nio-8080-exec-3] s.w.s.m.m.a.RequestMappingHandlerMapping : Mapped to com.busgo.controller.CatalogController#listCities()
2026-05-05T15:05:58.760+03:00 DEBUG 16148 --- [nio-8080-exec-3] m.m.a.RequestResponseBodyMethodProcessor : Using 'application/json', given [*/*] and supported [application/json, application/*+json]
2026-05-05T15:05:58.762+03:00 DEBUG 16148 --- [nio-8080-exec-3] m.m.a.RequestResponseBodyMethodProcessor : Writing [[CityDto[id=093f3f3f-783f-4d3f-3f3f-3f3f3f3f3330, name=erzurum, countryCode=25], CityDto[id=1068713f (truncated)...]
2026-05-05T15:05:58.762+03:00 DEBUG 16148 --- [nio-8080-exec-3] o.s.web.servlet.DispatcherServlet        : Completed 200 OK
2026-05-05T15:05:58.767+03:00 DEBUG 16148 --- [nio-8080-exec-2] o.s.web.servlet.DispatcherServlet        : GET "/api/cities", parameters={}
2026-05-05T15:05:58.767+03:00 DEBUG 16148 --- [nio-8080-exec-2] s.w.s.m.m.a.RequestMappingHandlerMapping : Mapped to com.busgo.controller.CatalogController#listCities()
2026-05-05T15:05:58.774+03:00 DEBUG 16148 --- [nio-8080-exec-2] m.m.a.RequestResponseBodyMethodProcessor : Using 'application/json', given [*/*] and supported [application/json, application/*+json]
2026-05-05T15:05:58.779+03:00 DEBUG 16148 --- [nio-8080-exec-2] m.m.a.RequestResponseBodyMethodProcessor : Writing [[CityDto[id=093f3f3f-783f-4d3f-3f3f-3f3f3f3f3330, name=erzurum, countryCode=25], CityDto[id=1068713f (truncated)...]
2026-05-05T15:05:58.780+03:00 DEBUG 16148 --- [nio-8080-exec-2] o.s.web.servlet.DispatcherServlet        : Completed 200 OK
2026-05-05T15:06:18.256+03:00 DEBUG 16148 --- [nio-8080-exec-9] o.s.web.servlet.DispatcherServlet        : GET "/api/auth/me", parameters={}
2026-05-05T15:06:18.256+03:00 DEBUG 16148 --- [nio-8080-exec-9] s.w.s.m.m.a.RequestMappingHandlerMapping : Mapped to com.busgo.controller.AuthController#me(HttpServletRequest)
2026-05-05T15:06:18.265+03:00 DEBUG 16148 --- [nio-8080-exec-9] m.m.a.RequestResponseBodyMethodProcessor : Using 'application/json', given [*/*] and supported [application/json, application/*+json]
2026-05-05T15:06:18.265+03:00 DEBUG 16148 --- [nio-8080-exec-9] m.m.a.RequestResponseBodyMethodProcessor : Writing [UserDto[email=harunmukuss@gmail.com, username=harun resit müküs, role=user, demoBalance=5000.00, com (truncated)...]
2026-05-05T15:06:18.267+03:00 DEBUG 16148 --- [nio-8080-exec-9] o.s.web.servlet.DispatcherServlet        : Completed 200 OK
2026-05-05T15:06:18.275+03:00 DEBUG 16148 --- [nio-8080-exec-7] o.s.web.servlet.DispatcherServlet        : OPTIONS "/api/trips?from=Van&to=erzurum&date=2026-05-05", parameters={masked}
2026-05-05T15:06:18.275+03:00 DEBUG 16148 --- [nio-8080-exec-7] s.w.s.m.m.a.RequestMappingHandlerMapping : Mapped to com.busgo.controller.TripController#searchTrips(String, String, String)
2026-05-05T15:06:18.275+03:00 DEBUG 16148 --- [nio-8080-exec-7] o.s.web.servlet.DispatcherServlet        : Completed 200 OK
2026-05-05T15:06:18.280+03:00 DEBUG 16148 --- [nio-8080-exec-6] o.s.web.servlet.DispatcherServlet        : GET "/api/trips?from=Van&to=erzurum&date=2026-05-05", parameters={masked}
2026-05-05T15:06:18.280+03:00 DEBUG 16148 --- [nio-8080-exec-6] s.w.s.m.m.a.RequestMappingHandlerMapping : Mapped to com.busgo.controller.TripController#searchTrips(String, String, String)
2026-05-05T15:06:18.314+03:00 DEBUG 16148 --- [nio-8080-exec-6] m.m.a.RequestResponseBodyMethodProcessor : Using 'application/json', given [*/*] and supported [application/json, application/*+json]
2026-05-05T15:06:18.330+03:00 DEBUG 16148 --- [nio-8080-exec-6] m.m.a.RequestResponseBodyMethodProcessor : Writing [[]]
2026-05-05T15:06:18.330+03:00 DEBUG 16148 --- [nio-8080-exec-6] o.s.web.servlet.DispatcherServlet        : Completed 200 OK
2026-05-05T15:06:18.330+03:00 DEBUG 16148 --- [nio-8080-exec-8] o.s.web.servlet.DispatcherServlet        : OPTIONS "/api/trips/nearest?from=Van&to=erzurum&date=2026-05-05", parameters={masked}
2026-05-05T15:06:18.330+03:00 DEBUG 16148 --- [nio-8080-exec-8] s.w.s.m.m.a.RequestMappingHandlerMapping : Mapped to com.busgo.controller.TripController#nearestTrips(String, String, String)
2026-05-05T15:06:18.330+03:00 DEBUG 16148 --- [nio-8080-exec-8] o.s.web.servlet.DispatcherServlet        : Completed 200 OK
2026-05-05T15:06:18.330+03:00 DEBUG 16148 --- [nio-8080-exec-4] o.s.web.servlet.DispatcherServlet        : GET "/api/trips/nearest?from=Van&to=erzurum&date=2026-05-05", parameters={masked}
2026-05-05T15:06:18.342+03:00 DEBUG 16148 --- [nio-8080-exec-4] s.w.s.m.m.a.RequestMappingHandlerMapping : Mapped to com.busgo.controller.TripController#nearestTrips(String, String, String)
2026-05-05T15:06:18.362+03:00 DEBUG 16148 --- [nio-8080-exec-4] m.m.a.RequestResponseBodyMethodProcessor : Using 'application/json', given [*/*] and supported [application/json, application/*+json]
2026-05-05T15:06:18.363+03:00 DEBUG 16148 --- [nio-8080-exec-4] m.m.a.RequestResponseBodyMethodProcessor : Writing [NearestTripsResponse[date=null, trips=[]]]
2026-05-05T15:06:18.366+03:00 DEBUG 16148 --- [nio-8080-exec-4] o.s.web.servlet.DispatcherServlet        : Completed 200 OK
2026-05-05T15:06:18.369+03:00 DEBUG 16148 --- [io-8080-exec-10] o.s.web.servlet.DispatcherServlet        : GET "/api/cities", parameters={}
2026-05-05T15:06:18.369+03:00 DEBUG 16148 --- [io-8080-exec-10] s.w.s.m.m.a.RequestMappingHandlerMapping : Mapped to com.busgo.controller.CatalogController#listCities()
2026-05-05T15:06:18.379+03:00 DEBUG 16148 --- [io-8080-exec-10] m.m.a.RequestResponseBodyMethodProcessor : Using 'application/json', given [*/*] and supported [application/json, application/*+json]
2026-05-05T15:06:18.382+03:00 DEBUG 16148 --- [io-8080-exec-10] m.m.a.RequestResponseBodyMethodProcessor : Writing [[CityDto[id=093f3f3f-783f-4d3f-3f3f-3f3f3f3f3330, name=erzurum, countryCode=25], CityDto[id=1068713f (truncated)...]
2026-05-05T15:06:18.382+03:00 DEBUG 16148 --- [io-8080-exec-10] o.s.web.servlet.DispatcherServlet        : Completed 200 OK
2026-05-05T15:06:35.638+03:00 DEBUG 16148 --- [nio-8080-exec-1] o.s.web.servlet.DispatcherServlet        : GET "/api/auth/me", parameters={}
2026-05-05T15:06:35.638+03:00 DEBUG 16148 --- [nio-8080-exec-1] s.w.s.m.m.a.RequestMappingHandlerMapping : Mapped to com.busgo.controller.AuthController#me(HttpServletRequest)
2026-05-05T15:06:35.646+03:00 DEBUG 16148 --- [nio-8080-exec-1] m.m.a.RequestResponseBodyMethodProcessor : Using 'application/json', given [*/*] and supported [application/json, application/*+json]
2026-05-05T15:06:35.646+03:00 DEBUG 16148 --- [nio-8080-exec-1] m.m.a.RequestResponseBodyMethodProcessor : Writing [UserDto[email=harunmukuss@gmail.com, username=harun resit müküs, role=user, demoBalance=5000.00, com (truncated)...]
2026-05-05T15:06:35.650+03:00 DEBUG 16148 --- [nio-8080-exec-1] o.s.web.servlet.DispatcherServlet        : Completed 200 OK
2026-05-05T15:06:35.656+03:00 DEBUG 16148 --- [nio-8080-exec-5] o.s.web.servlet.DispatcherServlet        : OPTIONS "/api/tickets/me", parameters={}
2026-05-05T15:06:35.657+03:00 DEBUG 16148 --- [nio-8080-exec-5] s.w.s.m.m.a.RequestMappingHandlerMapping : Mapped to com.busgo.controller.BookingController#listMyTickets(HttpServletRequest)
2026-05-05T15:06:35.657+03:00 DEBUG 16148 --- [nio-8080-exec-5] o.s.web.servlet.DispatcherServlet        : Completed 200 OK
2026-05-05T15:06:35.657+03:00 DEBUG 16148 --- [nio-8080-exec-3] o.s.web.servlet.DispatcherServlet        : GET "/api/tickets/me", parameters={}
2026-05-05T15:06:35.657+03:00 DEBUG 16148 --- [nio-8080-exec-3] s.w.s.m.m.a.RequestMappingHandlerMapping : Mapped to com.busgo.controller.BookingController#listMyTickets(HttpServletRequest)
2026-05-05T15:06:35.678+03:00 DEBUG 16148 --- [nio-8080-exec-3] m.m.a.RequestResponseBodyMethodProcessor : Using 'application/json', given [*/*] and supported [application/json, application/*+json]
2026-05-05T15:06:35.678+03:00 DEBUG 16148 --- [nio-8080-exec-3] m.m.a.RequestResponseBodyMethodProcessor : Writing [[]]
2026-05-05T15:06:35.678+03:00 DEBUG 16148 --- [nio-8080-exec-3] o.s.web.servlet.DispatcherServlet        : Completed 200 OK
2026-05-05T15:06:35.688+03:00 DEBUG 16148 --- [nio-8080-exec-2] o.s.web.servlet.DispatcherServlet        : GET "/api/cities", parameters={}
2026-05-05T15:06:35.689+03:00 DEBUG 16148 --- [nio-8080-exec-2] s.w.s.m.m.a.RequestMappingHandlerMapping : Mapped to com.busgo.controller.CatalogController#listCities()
2026-05-05T15:06:35.696+03:00 DEBUG 16148 --- [nio-8080-exec-2] m.m.a.RequestResponseBodyMethodProcessor : Using 'application/json', given [*/*] and supported [application/json, application/*+json]
2026-05-05T15:06:35.696+03:00 DEBUG 16148 --- [nio-8080-exec-2] m.m.a.RequestResponseBodyMethodProcessor : Writing [[CityDto[id=093f3f3f-783f-4d3f-3f3f-3f3f3f3f3330, name=erzurum, countryCode=25], CityDto[id=1068713f (truncated)...]
2026-05-05T15:06:35.696+03:00 DEBUG 16148 --- [nio-8080-exec-2] o.s.web.servlet.DispatcherServlet        : Completed 200 OK
2026-05-05T15:06:38.980+03:00 DEBUG 16148 --- [nio-8080-exec-9] o.s.web.servlet.DispatcherServlet        : OPTIONS "/api/auth/logout", parameters={}
2026-05-05T15:06:38.986+03:00 DEBUG 16148 --- [nio-8080-exec-9] s.w.s.m.m.a.RequestMappingHandlerMapping : Mapped to com.busgo.controller.AuthController#logout(HttpServletRequest)
2026-05-05T15:06:38.986+03:00 DEBUG 16148 --- [nio-8080-exec-9] o.s.web.servlet.DispatcherServlet        : Completed 200 OK
2026-05-05T15:06:38.988+03:00 DEBUG 16148 --- [nio-8080-exec-7] o.s.web.servlet.DispatcherServlet        : POST "/api/auth/logout", parameters={}
2026-05-05T15:06:38.988+03:00 DEBUG 16148 --- [nio-8080-exec-7] s.w.s.m.m.a.RequestMappingHandlerMapping : Mapped to com.busgo.controller.AuthController#logout(HttpServletRequest)
2026-05-05T15:06:39.010+03:00 DEBUG 16148 --- [nio-8080-exec-7] o.s.w.s.m.m.a.HttpEntityMethodProcessor  : Using 'application/json', given [*/*] and supported [application/json, application/*+json]
2026-05-05T15:06:39.010+03:00 DEBUG 16148 --- [nio-8080-exec-7] o.s.w.s.m.m.a.HttpEntityMethodProcessor  : Nothing to write: null body
2026-05-05T15:06:39.010+03:00 DEBUG 16148 --- [nio-8080-exec-7] o.s.web.servlet.DispatcherServlet        : Completed 204 NO_CONTENT
2026-05-05T15:06:39.767+03:00 DEBUG 16148 --- [nio-8080-exec-6] o.s.web.servlet.DispatcherServlet        : GET "/api/cities", parameters={}
2026-05-05T15:06:39.772+03:00 DEBUG 16148 --- [nio-8080-exec-6] s.w.s.m.m.a.RequestMappingHandlerMapping : Mapped to com.busgo.controller.CatalogController#listCities()
2026-05-05T15:06:39.785+03:00 DEBUG 16148 --- [nio-8080-exec-6] m.m.a.RequestResponseBodyMethodProcessor : Using 'application/json', given [*/*] and supported [application/json, application/*+json]
2026-05-05T15:06:39.786+03:00 DEBUG 16148 --- [nio-8080-exec-6] m.m.a.RequestResponseBodyMethodProcessor : Writing [[CityDto[id=093f3f3f-783f-4d3f-3f3f-3f3f3f3f3330, name=erzurum, countryCode=25], CityDto[id=1068713f (truncated)...]
2026-05-05T15:06:39.788+03:00 DEBUG 16148 --- [nio-8080-exec-6] o.s.web.servlet.DispatcherServlet        : Completed 200 OK
2026-05-05T15:06:39.791+03:00 DEBUG 16148 --- [nio-8080-exec-8] o.s.web.servlet.DispatcherServlet        : GET "/api/cities", parameters={}
2026-05-05T15:06:39.794+03:00 DEBUG 16148 --- [nio-8080-exec-8] s.w.s.m.m.a.RequestMappingHandlerMapping : Mapped to com.busgo.controller.CatalogController#listCities()
2026-05-05T15:06:39.804+03:00 DEBUG 16148 --- [nio-8080-exec-8] m.m.a.RequestResponseBodyMethodProcessor : Using 'application/json', given [*/*] and supported [application/json, application/*+json]
2026-05-05T15:06:39.804+03:00 DEBUG 16148 --- [nio-8080-exec-8] m.m.a.RequestResponseBodyMethodProcessor : Writing [[CityDto[id=093f3f3f-783f-4d3f-3f3f-3f3f3f3f3330, name=erzurum, countryCode=25], CityDto[id=1068713f (truncated)...]
2026-05-05T15:06:39.806+03:00 DEBUG 16148 --- [nio-8080-exec-8] o.s.web.servlet.DispatcherServlet        : Completed 200 OK
2026-05-05T15:06:56.592+03:00 DEBUG 16148 --- [nio-8080-exec-4] o.s.web.servlet.DispatcherServlet        : OPTIONS "/api/auth/login", parameters={}
2026-05-05T15:06:56.592+03:00 DEBUG 16148 --- [nio-8080-exec-4] s.w.s.m.m.a.RequestMappingHandlerMapping : Mapped to com.busgo.controller.AuthController#login(LoginRequest)
2026-05-05T15:06:56.592+03:00 DEBUG 16148 --- [nio-8080-exec-4] o.s.web.servlet.DispatcherServlet        : Completed 200 OK
2026-05-05T15:06:56.599+03:00 DEBUG 16148 --- [io-8080-exec-10] o.s.web.servlet.DispatcherServlet        : POST "/api/auth/login", parameters={}
2026-05-05T15:06:56.599+03:00 DEBUG 16148 --- [io-8080-exec-10] s.w.s.m.m.a.RequestMappingHandlerMapping : Mapped to com.busgo.controller.AuthController#login(LoginRequest)
2026-05-05T15:06:56.599+03:00 DEBUG 16148 --- [io-8080-exec-10] m.m.a.RequestResponseBodyMethodProcessor : Read "application/json;charset=UTF-8" to [LoginRequest[email=admin@busgo.com, password=1234, role=admin]]
2026-05-05T15:06:56.725+03:00 DEBUG 16148 --- [io-8080-exec-10] m.m.a.RequestResponseBodyMethodProcessor : Using 'application/json', given [*/*] and supported [application/json, application/*+json]
2026-05-05T15:06:56.725+03:00 DEBUG 16148 --- [io-8080-exec-10] m.m.a.RequestResponseBodyMethodProcessor : Writing [AuthResponse[token=1a275bea-8e3b-42c9-868b-887ca7b8d92e, user=UserDto[email=admin@busgo.com, usernam (truncated)...]
2026-05-05T15:06:56.725+03:00 DEBUG 16148 --- [io-8080-exec-10] o.s.web.servlet.DispatcherServlet        : Completed 200 OK
2026-05-05T15:06:57.500+03:00 DEBUG 16148 --- [nio-8080-exec-1] o.s.web.servlet.DispatcherServlet        : GET "/api/auth/me", parameters={}
2026-05-05T15:06:57.500+03:00 DEBUG 16148 --- [nio-8080-exec-1] s.w.s.m.m.a.RequestMappingHandlerMapping : Mapped to com.busgo.controller.AuthController#me(HttpServletRequest)
2026-05-05T15:06:57.514+03:00 DEBUG 16148 --- [nio-8080-exec-1] m.m.a.RequestResponseBodyMethodProcessor : Using 'application/json', given [*/*] and supported [application/json, application/*+json]
2026-05-05T15:06:57.514+03:00 DEBUG 16148 --- [nio-8080-exec-1] m.m.a.RequestResponseBodyMethodProcessor : Writing [UserDto[email=admin@busgo.com, username=BusGo Admin, role=admin, demoBalance=5000.00, companyName=nu (truncated)...]
2026-05-05T15:06:57.517+03:00 DEBUG 16148 --- [nio-8080-exec-1] o.s.web.servlet.DispatcherServlet        : Completed 200 OK
2026-05-05T15:06:57.522+03:00 DEBUG 16148 --- [nio-8080-exec-5] o.s.web.servlet.DispatcherServlet        : OPTIONS "/api/admin/cities", parameters={}
2026-05-05T15:06:57.522+03:00 DEBUG 16148 --- [nio-8080-exec-5] s.w.s.m.m.a.RequestMappingHandlerMapping : Mapped to com.busgo.controller.AdminController#listCities(HttpServletRequest)
2026-05-05T15:06:57.522+03:00 DEBUG 16148 --- [nio-8080-exec-5] o.s.web.servlet.DispatcherServlet        : Completed 200 OK
2026-05-05T15:06:57.527+03:00 DEBUG 16148 --- [nio-8080-exec-3] o.s.web.servlet.DispatcherServlet        : GET "/api/admin/cities", parameters={}
2026-05-05T15:06:57.528+03:00 DEBUG 16148 --- [nio-8080-exec-3] s.w.s.m.m.a.RequestMappingHandlerMapping : Mapped to com.busgo.controller.AdminController#listCities(HttpServletRequest)
2026-05-05T15:06:57.543+03:00 DEBUG 16148 --- [nio-8080-exec-3] m.m.a.RequestResponseBodyMethodProcessor : Using 'application/json', given [*/*] and supported [application/json, application/*+json]
2026-05-05T15:06:57.543+03:00 DEBUG 16148 --- [nio-8080-exec-3] m.m.a.RequestResponseBodyMethodProcessor : Writing [[CityDto[id=093f3f3f-783f-4d3f-3f3f-3f3f3f3f3330, name=erzurum, countryCode=25], CityDto[id=1068713f (truncated)...]
2026-05-05T15:06:57.543+03:00 DEBUG 16148 --- [nio-8080-exec-3] o.s.web.servlet.DispatcherServlet        : Completed 200 OK
2026-05-05T15:06:57.550+03:00 DEBUG 16148 --- [nio-8080-exec-2] o.s.web.servlet.DispatcherServlet        : OPTIONS "/api/admin/companies", parameters={}
2026-05-05T15:06:57.550+03:00 DEBUG 16148 --- [nio-8080-exec-2] s.w.s.m.m.a.RequestMappingHandlerMapping : Mapped to com.busgo.controller.AdminController#listCompanies(HttpServletRequest)
2026-05-05T15:06:57.550+03:00 DEBUG 16148 --- [nio-8080-exec-2] o.s.web.servlet.DispatcherServlet        : Completed 200 OK
2026-05-05T15:06:57.550+03:00 DEBUG 16148 --- [nio-8080-exec-9] o.s.web.servlet.DispatcherServlet        : GET "/api/admin/companies", parameters={}
2026-05-05T15:06:57.550+03:00 DEBUG 16148 --- [nio-8080-exec-9] s.w.s.m.m.a.RequestMappingHandlerMapping : Mapped to com.busgo.controller.AdminController#listCompanies(HttpServletRequest)
2026-05-05T15:06:57.573+03:00 DEBUG 16148 --- [nio-8080-exec-9] m.m.a.RequestResponseBodyMethodProcessor : Using 'application/json', given [*/*] and supported [application/json, application/*+json]
2026-05-05T15:06:57.574+03:00 DEBUG 16148 --- [nio-8080-exec-9] m.m.a.RequestResponseBodyMethodProcessor : Writing [[CompanyDto[id=3f3f3f2e-6b7e-4b3f-3f3f-3f441070591f, name=VanG??l??Seyahat, phone=5550000001, email= (truncated)...]
2026-05-05T15:06:57.574+03:00 DEBUG 16148 --- [nio-8080-exec-9] o.s.web.servlet.DispatcherServlet        : Completed 200 OK
2026-05-05T15:06:57.586+03:00 DEBUG 16148 --- [nio-8080-exec-7] o.s.web.servlet.DispatcherServlet        : OPTIONS "/api/admin/trips", parameters={}
2026-05-05T15:06:57.586+03:00 DEBUG 16148 --- [nio-8080-exec-7] s.w.s.m.m.a.RequestMappingHandlerMapping : Mapped to com.busgo.controller.AdminController#listTrips(HttpServletRequest)
2026-05-05T15:06:57.587+03:00 DEBUG 16148 --- [nio-8080-exec-7] o.s.web.servlet.DispatcherServlet        : Completed 200 OK
2026-05-05T15:06:57.592+03:00 DEBUG 16148 --- [nio-8080-exec-6] o.s.web.servlet.DispatcherServlet        : GET "/api/admin/trips", parameters={}
2026-05-05T15:06:57.592+03:00 DEBUG 16148 --- [nio-8080-exec-6] s.w.s.m.m.a.RequestMappingHandlerMapping : Mapped to com.busgo.controller.AdminController#listTrips(HttpServletRequest)
2026-05-05T15:06:57.622+03:00 DEBUG 16148 --- [nio-8080-exec-6] m.m.a.RequestResponseBodyMethodProcessor : Using 'application/json', given [*/*] and supported [application/json, application/*+json]
2026-05-05T15:06:57.633+03:00 DEBUG 16148 --- [nio-8080-exec-6] m.m.a.RequestResponseBodyMethodProcessor : Writing [[TripDto[id=3c1d181a-2846-4f3f-3f3f-10611c3f2004, from=??stanbul, to=sivas, date=2026-04-18, company (truncated)...]
2026-05-05T15:06:57.633+03:00 DEBUG 16148 --- [nio-8080-exec-6] o.s.web.servlet.DispatcherServlet        : Completed 200 OK
2026-05-05T15:06:57.642+03:00 DEBUG 16148 --- [nio-8080-exec-8] o.s.web.servlet.DispatcherServlet        : OPTIONS "/api/admin/tickets", parameters={}
2026-05-05T15:06:57.642+03:00 DEBUG 16148 --- [nio-8080-exec-8] s.w.s.m.m.a.RequestMappingHandlerMapping : Mapped to com.busgo.controller.AdminController#listAllTickets(HttpServletRequest)
2026-05-05T15:06:57.642+03:00 DEBUG 16148 --- [nio-8080-exec-8] o.s.web.servlet.DispatcherServlet        : Completed 200 OK
2026-05-05T15:06:57.647+03:00 DEBUG 16148 --- [nio-8080-exec-4] o.s.web.servlet.DispatcherServlet        : GET "/api/admin/tickets", parameters={}
2026-05-05T15:06:57.648+03:00 DEBUG 16148 --- [nio-8080-exec-4] s.w.s.m.m.a.RequestMappingHandlerMapping : Mapped to com.busgo.controller.AdminController#listAllTickets(HttpServletRequest)
2026-05-05T15:06:57.675+03:00 DEBUG 16148 --- [nio-8080-exec-4] m.m.a.RequestResponseBodyMethodProcessor : Using 'application/json', given [*/*] and supported [application/json, application/*+json]
2026-05-05T15:06:57.685+03:00 DEBUG 16148 --- [nio-8080-exec-4] m.m.a.RequestResponseBodyMethodProcessor : Writing [[TicketDto[id=ac9f2873-319b-4d62-ade8-c0d1e6d77dbf, userEmail=sy@gmail.com, userName=sudenaz, from=e (truncated)...]
2026-05-05T15:06:57.691+03:00 DEBUG 16148 --- [nio-8080-exec-4] o.s.web.servlet.DispatcherServlet        : Completed 200 OK
2026-05-05T15:08:50.578+03:00 DEBUG 16148 --- [nio-8080-exec-1] o.s.web.servlet.DispatcherServlet        : POST "/api/admin/trips", parameters={}
2026-05-05T15:08:50.580+03:00 DEBUG 16148 --- [nio-8080-exec-1] s.w.s.m.m.a.RequestMappingHandlerMapping : Mapped to com.busgo.controller.AdminController#createTrip(AdminTripRequest, HttpServletRequest)
2026-05-05T15:08:50.600+03:00 DEBUG 16148 --- [nio-8080-exec-1] m.m.a.RequestResponseBodyMethodProcessor : Read "application/json;charset=UTF-8" to [AdminTripRequest[from=Ankara, to=Van, date=2026-06-12, departureTime=15:00, basePrice=90, company=Va (truncated)...]
2026-05-05T15:08:50.707+03:00 DEBUG 16148 --- [nio-8080-exec-1] m.m.a.RequestResponseBodyMethodProcessor : Using 'application/json', given [*/*] and supported [application/json, application/*+json]
2026-05-05T15:08:50.707+03:00 DEBUG 16148 --- [nio-8080-exec-1] m.m.a.RequestResponseBodyMethodProcessor : Writing [TripDto[id=c1ed8680-10ea-4528-a57b-2b3302886f2e, from=Ankara, to=Van, date=2026-06-12, company=VanG? (truncated)...]
2026-05-05T15:08:50.719+03:00 DEBUG 16148 --- [nio-8080-exec-1] o.s.web.servlet.DispatcherServlet        : Completed 200 OK
2026-05-05T15:08:50.724+03:00 DEBUG 16148 --- [nio-8080-exec-5] o.s.web.servlet.DispatcherServlet        : GET "/api/admin/cities", parameters={}
2026-05-05T15:08:50.724+03:00 DEBUG 16148 --- [nio-8080-exec-5] s.w.s.m.m.a.RequestMappingHandlerMapping : Mapped to com.busgo.controller.AdminController#listCities(HttpServletRequest)
2026-05-05T15:08:50.741+03:00 DEBUG 16148 --- [nio-8080-exec-5] m.m.a.RequestResponseBodyMethodProcessor : Using 'application/json', given [*/*] and supported [application/json, application/*+json]
2026-05-05T15:08:50.741+03:00 DEBUG 16148 --- [nio-8080-exec-5] m.m.a.RequestResponseBodyMethodProcessor : Writing [[CityDto[id=093f3f3f-783f-4d3f-3f3f-3f3f3f3f3330, name=erzurum, countryCode=25], CityDto[id=1068713f (truncated)...]
2026-05-05T15:08:50.744+03:00 DEBUG 16148 --- [nio-8080-exec-5] o.s.web.servlet.DispatcherServlet        : Completed 200 OK
2026-05-05T15:08:50.748+03:00 DEBUG 16148 --- [nio-8080-exec-3] o.s.web.servlet.DispatcherServlet        : GET "/api/admin/companies", parameters={}
2026-05-05T15:08:50.748+03:00 DEBUG 16148 --- [nio-8080-exec-3] s.w.s.m.m.a.RequestMappingHandlerMapping : Mapped to com.busgo.controller.AdminController#listCompanies(HttpServletRequest)
2026-05-05T15:08:50.754+03:00 DEBUG 16148 --- [nio-8080-exec-3] m.m.a.RequestResponseBodyMethodProcessor : Using 'application/json', given [*/*] and supported [application/json, application/*+json]
2026-05-05T15:08:50.760+03:00 DEBUG 16148 --- [nio-8080-exec-3] m.m.a.RequestResponseBodyMethodProcessor : Writing [[CompanyDto[id=3f3f3f2e-6b7e-4b3f-3f3f-3f441070591f, name=VanG??l??Seyahat, phone=5550000001, email= (truncated)...]
2026-05-05T15:08:50.761+03:00 DEBUG 16148 --- [nio-8080-exec-3] o.s.web.servlet.DispatcherServlet        : Completed 200 OK
2026-05-05T15:08:50.764+03:00 DEBUG 16148 --- [nio-8080-exec-2] o.s.web.servlet.DispatcherServlet        : GET "/api/admin/trips", parameters={}
2026-05-05T15:08:50.767+03:00 DEBUG 16148 --- [nio-8080-exec-2] s.w.s.m.m.a.RequestMappingHandlerMapping : Mapped to com.busgo.controller.AdminController#listTrips(HttpServletRequest)
2026-05-05T15:08:50.794+03:00 DEBUG 16148 --- [nio-8080-exec-2] m.m.a.RequestResponseBodyMethodProcessor : Using 'application/json', given [*/*] and supported [application/json, application/*+json]
2026-05-05T15:08:50.794+03:00 DEBUG 16148 --- [nio-8080-exec-2] m.m.a.RequestResponseBodyMethodProcessor : Writing [[TripDto[id=3c1d181a-2846-4f3f-3f3f-10611c3f2004, from=??stanbul, to=sivas, date=2026-04-18, company (truncated)...]
2026-05-05T15:08:50.794+03:00 DEBUG 16148 --- [nio-8080-exec-2] o.s.web.servlet.DispatcherServlet        : Completed 200 OK
2026-05-05T15:08:50.801+03:00 DEBUG 16148 --- [nio-8080-exec-9] o.s.web.servlet.DispatcherServlet        : GET "/api/admin/tickets", parameters={}
2026-05-05T15:08:50.801+03:00 DEBUG 16148 --- [nio-8080-exec-9] s.w.s.m.m.a.RequestMappingHandlerMapping : Mapped to com.busgo.controller.AdminController#listAllTickets(HttpServletRequest)
2026-05-05T15:08:50.829+03:00 DEBUG 16148 --- [nio-8080-exec-9] m.m.a.RequestResponseBodyMethodProcessor : Using 'application/json', given [*/*] and supported [application/json, application/*+json]
2026-05-05T15:08:50.829+03:00 DEBUG 16148 --- [nio-8080-exec-9] m.m.a.RequestResponseBodyMethodProcessor : Writing [[TicketDto[id=ac9f2873-319b-4d62-ade8-c0d1e6d77dbf, userEmail=sy@gmail.com, userName=sudenaz, from=e (truncated)...]
2026-05-05T15:08:50.832+03:00 DEBUG 16148 --- [nio-8080-exec-9] o.s.web.servlet.DispatcherServlet        : Completed 200 OK
2026-05-05T15:08:55.298+03:00 DEBUG 16148 --- [nio-8080-exec-7] o.s.web.servlet.DispatcherServlet        : GET "/api/auth/me", parameters={}
2026-05-05T15:08:55.308+03:00 DEBUG 16148 --- [nio-8080-exec-7] s.w.s.m.m.a.RequestMappingHandlerMapping : Mapped to com.busgo.controller.AuthController#me(HttpServletRequest)
2026-05-05T15:08:55.313+03:00 DEBUG 16148 --- [nio-8080-exec-7] m.m.a.RequestResponseBodyMethodProcessor : Using 'application/json', given [*/*] and supported [application/json, application/*+json]
2026-05-05T15:08:55.313+03:00 DEBUG 16148 --- [nio-8080-exec-7] m.m.a.RequestResponseBodyMethodProcessor : Writing [UserDto[email=admin@busgo.com, username=BusGo Admin, role=admin, demoBalance=5000.00, companyName=nu (truncated)...]
2026-05-05T15:08:55.313+03:00 DEBUG 16148 --- [nio-8080-exec-7] o.s.web.servlet.DispatcherServlet        : Completed 200 OK
2026-05-05T15:08:55.322+03:00 DEBUG 16148 --- [nio-8080-exec-6] o.s.web.servlet.DispatcherServlet        : GET "/api/cities", parameters={}
2026-05-05T15:08:55.322+03:00 DEBUG 16148 --- [nio-8080-exec-6] s.w.s.m.m.a.RequestMappingHandlerMapping : Mapped to com.busgo.controller.CatalogController#listCities()
2026-05-05T15:08:55.330+03:00 DEBUG 16148 --- [nio-8080-exec-6] m.m.a.RequestResponseBodyMethodProcessor : Using 'application/json', given [*/*] and supported [application/json, application/*+json]
2026-05-05T15:08:55.330+03:00 DEBUG 16148 --- [nio-8080-exec-6] m.m.a.RequestResponseBodyMethodProcessor : Writing [[CityDto[id=093f3f3f-783f-4d3f-3f3f-3f3f3f3f3330, name=erzurum, countryCode=25], CityDto[id=1068713f (truncated)...]
2026-05-05T15:08:55.330+03:00 DEBUG 16148 --- [nio-8080-exec-6] o.s.web.servlet.DispatcherServlet        : Completed 200 OK
2026-05-05T15:08:57.368+03:00 DEBUG 16148 --- [nio-8080-exec-8] o.s.web.servlet.DispatcherServlet        : POST "/api/auth/logout", parameters={}
2026-05-05T15:08:57.376+03:00 DEBUG 16148 --- [nio-8080-exec-8] s.w.s.m.m.a.RequestMappingHandlerMapping : Mapped to com.busgo.controller.AuthController#logout(HttpServletRequest)
2026-05-05T15:08:57.384+03:00 DEBUG 16148 --- [nio-8080-exec-8] o.s.w.s.m.m.a.HttpEntityMethodProcessor  : Using 'application/json', given [*/*] and supported [application/json, application/*+json]
2026-05-05T15:08:57.384+03:00 DEBUG 16148 --- [nio-8080-exec-8] o.s.w.s.m.m.a.HttpEntityMethodProcessor  : Nothing to write: null body
2026-05-05T15:08:57.384+03:00 DEBUG 16148 --- [nio-8080-exec-8] o.s.web.servlet.DispatcherServlet        : Completed 204 NO_CONTENT
2026-05-05T15:08:58.134+03:00 DEBUG 16148 --- [nio-8080-exec-4] o.s.web.servlet.DispatcherServlet        : GET "/api/cities", parameters={}
2026-05-05T15:08:58.134+03:00 DEBUG 16148 --- [nio-8080-exec-4] s.w.s.m.m.a.RequestMappingHandlerMapping : Mapped to com.busgo.controller.CatalogController#listCities()
2026-05-05T15:08:58.148+03:00 DEBUG 16148 --- [nio-8080-exec-4] m.m.a.RequestResponseBodyMethodProcessor : Using 'application/json', given [*/*] and supported [application/json, application/*+json]
2026-05-05T15:08:58.148+03:00 DEBUG 16148 --- [nio-8080-exec-4] m.m.a.RequestResponseBodyMethodProcessor : Writing [[CityDto[id=093f3f3f-783f-4d3f-3f3f-3f3f3f3f3330, name=erzurum, countryCode=25], CityDto[id=1068713f (truncated)...]
2026-05-05T15:08:58.149+03:00 DEBUG 16148 --- [nio-8080-exec-4] o.s.web.servlet.DispatcherServlet        : Completed 200 OK
2026-05-05T15:08:58.153+03:00 DEBUG 16148 --- [io-8080-exec-10] o.s.web.servlet.DispatcherServlet        : GET "/api/cities", parameters={}
2026-05-05T15:08:58.153+03:00 DEBUG 16148 --- [io-8080-exec-10] s.w.s.m.m.a.RequestMappingHandlerMapping : Mapped to com.busgo.controller.CatalogController#listCities()
2026-05-05T15:08:58.168+03:00 DEBUG 16148 --- [io-8080-exec-10] m.m.a.RequestResponseBodyMethodProcessor : Using 'application/json', given [*/*] and supported [application/json, application/*+json]
2026-05-05T15:08:58.168+03:00 DEBUG 16148 --- [io-8080-exec-10] m.m.a.RequestResponseBodyMethodProcessor : Writing [[CityDto[id=093f3f3f-783f-4d3f-3f3f-3f3f3f3f3330, name=erzurum, countryCode=25], CityDto[id=1068713f (truncated)...]
2026-05-05T15:08:58.168+03:00 DEBUG 16148 --- [io-8080-exec-10] o.s.web.servlet.DispatcherServlet        : Completed 200 OK
2026-05-05T15:09:01.712+03:00 DEBUG 16148 --- [nio-8080-exec-1] o.s.web.servlet.DispatcherServlet        : GET "/api/cities", parameters={}
2026-05-05T15:09:01.715+03:00 DEBUG 16148 --- [nio-8080-exec-1] s.w.s.m.m.a.RequestMappingHandlerMapping : Mapped to com.busgo.controller.CatalogController#listCities()
2026-05-05T15:09:01.725+03:00 DEBUG 16148 --- [nio-8080-exec-1] m.m.a.RequestResponseBodyMethodProcessor : Using 'application/json', given [*/*] and supported [application/json, application/*+json]
2026-05-05T15:09:01.725+03:00 DEBUG 16148 --- [nio-8080-exec-1] m.m.a.RequestResponseBodyMethodProcessor : Writing [[CityDto[id=093f3f3f-783f-4d3f-3f3f-3f3f3f3f3330, name=erzurum, countryCode=25], CityDto[id=1068713f (truncated)...]
2026-05-05T15:09:01.725+03:00 DEBUG 16148 --- [nio-8080-exec-1] o.s.web.servlet.DispatcherServlet        : Completed 200 OK
2026-05-05T15:09:15.551+03:00 DEBUG 16148 --- [nio-8080-exec-5] o.s.web.servlet.DispatcherServlet        : POST "/api/auth/login", parameters={}
2026-05-05T15:09:15.551+03:00 DEBUG 16148 --- [nio-8080-exec-5] s.w.s.m.m.a.RequestMappingHandlerMapping : Mapped to com.busgo.controller.AuthController#login(LoginRequest)
2026-05-05T15:09:15.551+03:00 DEBUG 16148 --- [nio-8080-exec-5] m.m.a.RequestResponseBodyMethodProcessor : Read "application/json;charset=UTF-8" to [LoginRequest[email=harunmukuss@gmail.com, password=123456, role=user]]
2026-05-05T15:09:15.688+03:00 DEBUG 16148 --- [nio-8080-exec-5] m.m.a.RequestResponseBodyMethodProcessor : Using 'application/json', given [*/*] and supported [application/json, application/*+json]
2026-05-05T15:09:15.688+03:00 DEBUG 16148 --- [nio-8080-exec-5] m.m.a.RequestResponseBodyMethodProcessor : Writing [AuthResponse[token=9bb75acd-6675-4f39-bf1b-c26fb714cf32, user=UserDto[email=harunmukuss@gmail.com, u (truncated)...]
2026-05-05T15:09:15.688+03:00 DEBUG 16148 --- [nio-8080-exec-5] o.s.web.servlet.DispatcherServlet        : Completed 200 OK
2026-05-05T15:09:16.535+03:00 DEBUG 16148 --- [nio-8080-exec-3] o.s.web.servlet.DispatcherServlet        : GET "/api/auth/me", parameters={}
2026-05-05T15:09:16.536+03:00 DEBUG 16148 --- [nio-8080-exec-3] s.w.s.m.m.a.RequestMappingHandlerMapping : Mapped to com.busgo.controller.AuthController#me(HttpServletRequest)
2026-05-05T15:09:16.543+03:00 DEBUG 16148 --- [nio-8080-exec-3] m.m.a.RequestResponseBodyMethodProcessor : Using 'application/json', given [*/*] and supported [application/json, application/*+json]
2026-05-05T15:09:16.546+03:00 DEBUG 16148 --- [nio-8080-exec-3] m.m.a.RequestResponseBodyMethodProcessor : Writing [UserDto[email=harunmukuss@gmail.com, username=harun resit müküs, role=user, demoBalance=5000.00, com (truncated)...]
2026-05-05T15:09:16.546+03:00 DEBUG 16148 --- [nio-8080-exec-3] o.s.web.servlet.DispatcherServlet        : Completed 200 OK
2026-05-05T15:09:16.555+03:00 DEBUG 16148 --- [nio-8080-exec-2] o.s.web.servlet.DispatcherServlet        : GET "/api/cities", parameters={}
2026-05-05T15:09:16.556+03:00 DEBUG 16148 --- [nio-8080-exec-2] s.w.s.m.m.a.RequestMappingHandlerMapping : Mapped to com.busgo.controller.CatalogController#listCities()
2026-05-05T15:09:16.561+03:00 DEBUG 16148 --- [nio-8080-exec-2] m.m.a.RequestResponseBodyMethodProcessor : Using 'application/json', given [*/*] and supported [application/json, application/*+json]
2026-05-05T15:09:16.564+03:00 DEBUG 16148 --- [nio-8080-exec-2] m.m.a.RequestResponseBodyMethodProcessor : Writing [[CityDto[id=093f3f3f-783f-4d3f-3f3f-3f3f3f3f3330, name=erzurum, countryCode=25], CityDto[id=1068713f (truncated)...]
2026-05-05T15:09:16.564+03:00 DEBUG 16148 --- [nio-8080-exec-2] o.s.web.servlet.DispatcherServlet        : Completed 200 OK
2026-05-05T15:09:16.571+03:00 DEBUG 16148 --- [nio-8080-exec-9] o.s.web.servlet.DispatcherServlet        : GET "/api/cities", parameters={}
2026-05-05T15:09:16.571+03:00 DEBUG 16148 --- [nio-8080-exec-9] s.w.s.m.m.a.RequestMappingHandlerMapping : Mapped to com.busgo.controller.CatalogController#listCities()
2026-05-05T15:09:16.578+03:00 DEBUG 16148 --- [nio-8080-exec-9] m.m.a.RequestResponseBodyMethodProcessor : Using 'application/json', given [*/*] and supported [application/json, application/*+json]
2026-05-05T15:09:16.582+03:00 DEBUG 16148 --- [nio-8080-exec-9] m.m.a.RequestResponseBodyMethodProcessor : Writing [[CityDto[id=093f3f3f-783f-4d3f-3f3f-3f3f3f3f3330, name=erzurum, countryCode=25], CityDto[id=1068713f (truncated)...]
2026-05-05T15:09:16.582+03:00 DEBUG 16148 --- [nio-8080-exec-9] o.s.web.servlet.DispatcherServlet        : Completed 200 OK
2026-05-05T15:09:30.817+03:00 DEBUG 16148 --- [nio-8080-exec-7] o.s.web.servlet.DispatcherServlet        : GET "/api/auth/me", parameters={}
2026-05-05T15:09:30.820+03:00 DEBUG 16148 --- [nio-8080-exec-7] s.w.s.m.m.a.RequestMappingHandlerMapping : Mapped to com.busgo.controller.AuthController#me(HttpServletRequest)
2026-05-05T15:09:30.825+03:00 DEBUG 16148 --- [nio-8080-exec-7] m.m.a.RequestResponseBodyMethodProcessor : Using 'application/json', given [*/*] and supported [application/json, application/*+json]
2026-05-05T15:09:30.825+03:00 DEBUG 16148 --- [nio-8080-exec-7] m.m.a.RequestResponseBodyMethodProcessor : Writing [UserDto[email=harunmukuss@gmail.com, username=harun resit müküs, role=user, demoBalance=5000.00, com (truncated)...]
2026-05-05T15:09:30.834+03:00 DEBUG 16148 --- [nio-8080-exec-7] o.s.web.servlet.DispatcherServlet        : Completed 200 OK
2026-05-05T15:09:30.836+03:00 DEBUG 16148 --- [nio-8080-exec-6] o.s.web.servlet.DispatcherServlet        : OPTIONS "/api/trips?from=Van&to=erzurum&date=2026-06-12", parameters={masked}
2026-05-05T15:09:30.836+03:00 DEBUG 16148 --- [nio-8080-exec-6] s.w.s.m.m.a.RequestMappingHandlerMapping : Mapped to com.busgo.controller.TripController#searchTrips(String, String, String)
2026-05-05T15:09:30.836+03:00 DEBUG 16148 --- [nio-8080-exec-6] o.s.web.servlet.DispatcherServlet        : Completed 200 OK
2026-05-05T15:09:30.842+03:00 DEBUG 16148 --- [nio-8080-exec-8] o.s.web.servlet.DispatcherServlet        : GET "/api/trips?from=Van&to=erzurum&date=2026-06-12", parameters={masked}
2026-05-05T15:09:30.844+03:00 DEBUG 16148 --- [nio-8080-exec-8] s.w.s.m.m.a.RequestMappingHandlerMapping : Mapped to com.busgo.controller.TripController#searchTrips(String, String, String)
2026-05-05T15:09:30.844+03:00 DEBUG 16148 --- [nio-8080-exec-8] m.m.a.RequestResponseBodyMethodProcessor : Using 'application/json', given [*/*] and supported [application/json, application/*+json]
2026-05-05T15:09:30.844+03:00 DEBUG 16148 --- [nio-8080-exec-8] m.m.a.RequestResponseBodyMethodProcessor : Writing [[]]
2026-05-05T15:09:30.858+03:00 DEBUG 16148 --- [nio-8080-exec-8] o.s.web.servlet.DispatcherServlet        : Completed 200 OK
2026-05-05T15:09:30.861+03:00 DEBUG 16148 --- [nio-8080-exec-4] o.s.web.servlet.DispatcherServlet        : OPTIONS "/api/trips/nearest?from=Van&to=erzurum&date=2026-06-12", parameters={masked}
2026-05-05T15:09:30.861+03:00 DEBUG 16148 --- [nio-8080-exec-4] s.w.s.m.m.a.RequestMappingHandlerMapping : Mapped to com.busgo.controller.TripController#nearestTrips(String, String, String)
2026-05-05T15:09:30.861+03:00 DEBUG 16148 --- [nio-8080-exec-4] o.s.web.servlet.DispatcherServlet        : Completed 200 OK
2026-05-05T15:09:30.865+03:00 DEBUG 16148 --- [io-8080-exec-10] o.s.web.servlet.DispatcherServlet        : GET "/api/trips/nearest?from=Van&to=erzurum&date=2026-06-12", parameters={masked}
2026-05-05T15:09:30.865+03:00 DEBUG 16148 --- [io-8080-exec-10] s.w.s.m.m.a.RequestMappingHandlerMapping : Mapped to com.busgo.controller.TripController#nearestTrips(String, String, String)
2026-05-05T15:09:30.877+03:00 DEBUG 16148 --- [io-8080-exec-10] m.m.a.RequestResponseBodyMethodProcessor : Using 'application/json', given [*/*] and supported [application/json, application/*+json]
2026-05-05T15:09:30.877+03:00 DEBUG 16148 --- [io-8080-exec-10] m.m.a.RequestResponseBodyMethodProcessor : Writing [NearestTripsResponse[date=null, trips=[]]]
2026-05-05T15:09:30.877+03:00 DEBUG 16148 --- [io-8080-exec-10] o.s.web.servlet.DispatcherServlet        : Completed 200 OK
2026-05-05T15:09:30.885+03:00 DEBUG 16148 --- [nio-8080-exec-1] o.s.web.servlet.DispatcherServlet        : GET "/api/cities", parameters={}
2026-05-05T15:09:30.885+03:00 DEBUG 16148 --- [nio-8080-exec-1] s.w.s.m.m.a.RequestMappingHandlerMapping : Mapped to com.busgo.controller.CatalogController#listCities()
2026-05-05T15:09:30.892+03:00 DEBUG 16148 --- [nio-8080-exec-1] m.m.a.RequestResponseBodyMethodProcessor : Using 'application/json', given [*/*] and supported [application/json, application/*+json]
2026-05-05T15:09:30.892+03:00 DEBUG 16148 --- [nio-8080-exec-1] m.m.a.RequestResponseBodyMethodProcessor : Writing [[CityDto[id=093f3f3f-783f-4d3f-3f3f-3f3f3f3f3330, name=erzurum, countryCode=25], CityDto[id=1068713f (truncated)...]
2026-05-05T15:09:30.893+03:00 DEBUG 16148 --- [nio-8080-exec-1] o.s.web.servlet.DispatcherServlet        : Completed 200 OK
2026-05-05T15:09:39.463+03:00 DEBUG 16148 --- [nio-8080-exec-5] o.s.web.servlet.DispatcherServlet        : GET "/api/auth/me", parameters={}
2026-05-05T15:09:39.463+03:00 DEBUG 16148 --- [nio-8080-exec-5] s.w.s.m.m.a.RequestMappingHandlerMapping : Mapped to com.busgo.controller.AuthController#me(HttpServletRequest)
2026-05-05T15:09:39.474+03:00 DEBUG 16148 --- [nio-8080-exec-5] m.m.a.RequestResponseBodyMethodProcessor : Using 'application/json', given [*/*] and supported [application/json, application/*+json]
2026-05-05T15:09:39.474+03:00 DEBUG 16148 --- [nio-8080-exec-5] m.m.a.RequestResponseBodyMethodProcessor : Writing [UserDto[email=harunmukuss@gmail.com, username=harun resit müküs, role=user, demoBalance=5000.00, com (truncated)...]
2026-05-05T15:09:39.481+03:00 DEBUG 16148 --- [nio-8080-exec-5] o.s.web.servlet.DispatcherServlet        : Completed 200 OK
2026-05-05T15:09:39.482+03:00 DEBUG 16148 --- [nio-8080-exec-3] o.s.web.servlet.DispatcherServlet        : OPTIONS "/api/trips?from=Istanbul&to=Van&date=2026-06-12", parameters={masked}
2026-05-05T15:09:39.482+03:00 DEBUG 16148 --- [nio-8080-exec-3] s.w.s.m.m.a.RequestMappingHandlerMapping : Mapped to com.busgo.controller.TripController#searchTrips(String, String, String)
2026-05-05T15:09:39.482+03:00 DEBUG 16148 --- [nio-8080-exec-3] o.s.web.servlet.DispatcherServlet        : Completed 200 OK
2026-05-05T15:09:39.488+03:00 DEBUG 16148 --- [nio-8080-exec-2] o.s.web.servlet.DispatcherServlet        : GET "/api/trips?from=Istanbul&to=Van&date=2026-06-12", parameters={masked}
2026-05-05T15:09:39.491+03:00 DEBUG 16148 --- [nio-8080-exec-2] s.w.s.m.m.a.RequestMappingHandlerMapping : Mapped to com.busgo.controller.TripController#searchTrips(String, String, String)
2026-05-05T15:09:39.499+03:00 DEBUG 16148 --- [nio-8080-exec-2] m.m.a.RequestResponseBodyMethodProcessor : Using 'application/json', given [*/*] and supported [application/json, application/*+json]
2026-05-05T15:09:39.499+03:00 DEBUG 16148 --- [nio-8080-exec-2] m.m.a.RequestResponseBodyMethodProcessor : Writing [[]]
2026-05-05T15:09:39.506+03:00 DEBUG 16148 --- [nio-8080-exec-2] o.s.web.servlet.DispatcherServlet        : Completed 200 OK
2026-05-05T15:09:39.506+03:00 DEBUG 16148 --- [nio-8080-exec-9] o.s.web.servlet.DispatcherServlet        : OPTIONS "/api/trips/nearest?from=Istanbul&to=Van&date=2026-06-12", parameters={masked}
2026-05-05T15:09:39.506+03:00 DEBUG 16148 --- [nio-8080-exec-9] s.w.s.m.m.a.RequestMappingHandlerMapping : Mapped to com.busgo.controller.TripController#nearestTrips(String, String, String)
2026-05-05T15:09:39.506+03:00 DEBUG 16148 --- [nio-8080-exec-9] o.s.web.servlet.DispatcherServlet        : Completed 200 OK
2026-05-05T15:09:39.506+03:00 DEBUG 16148 --- [nio-8080-exec-7] o.s.web.servlet.DispatcherServlet        : GET "/api/trips/nearest?from=Istanbul&to=Van&date=2026-06-12", parameters={masked}
2026-05-05T15:09:39.506+03:00 DEBUG 16148 --- [nio-8080-exec-7] s.w.s.m.m.a.RequestMappingHandlerMapping : Mapped to com.busgo.controller.TripController#nearestTrips(String, String, String)
2026-05-05T15:09:39.524+03:00 DEBUG 16148 --- [nio-8080-exec-7] m.m.a.RequestResponseBodyMethodProcessor : Using 'application/json', given [*/*] and supported [application/json, application/*+json]
2026-05-05T15:09:39.530+03:00 DEBUG 16148 --- [nio-8080-exec-7] m.m.a.RequestResponseBodyMethodProcessor : Writing [NearestTripsResponse[date=null, trips=[]]]
2026-05-05T15:09:39.530+03:00 DEBUG 16148 --- [nio-8080-exec-7] o.s.web.servlet.DispatcherServlet        : Completed 200 OK
2026-05-05T15:09:39.530+03:00 DEBUG 16148 --- [nio-8080-exec-6] o.s.web.servlet.DispatcherServlet        : GET "/api/cities", parameters={}
2026-05-05T15:09:39.530+03:00 DEBUG 16148 --- [nio-8080-exec-6] s.w.s.m.m.a.RequestMappingHandlerMapping : Mapped to com.busgo.controller.CatalogController#listCities()
2026-05-05T15:09:39.540+03:00 DEBUG 16148 --- [nio-8080-exec-6] m.m.a.RequestResponseBodyMethodProcessor : Using 'application/json', given [*/*] and supported [application/json, application/*+json]
2026-05-05T15:09:39.540+03:00 DEBUG 16148 --- [nio-8080-exec-6] m.m.a.RequestResponseBodyMethodProcessor : Writing [[CityDto[id=093f3f3f-783f-4d3f-3f3f-3f3f3f3f3330, name=erzurum, countryCode=25], CityDto[id=1068713f (truncated)...]
2026-05-05T15:09:39.540+03:00 DEBUG 16148 --- [nio-8080-exec-6] o.s.web.servlet.DispatcherServlet        : Completed 200 OK
2026-05-05T15:09:54.810+03:00 DEBUG 16148 --- [nio-8080-exec-8] o.s.web.servlet.DispatcherServlet        : GET "/api/auth/me", parameters={}
2026-05-05T15:09:54.812+03:00 DEBUG 16148 --- [nio-8080-exec-8] s.w.s.m.m.a.RequestMappingHandlerMapping : Mapped to com.busgo.controller.AuthController#me(HttpServletRequest)
2026-05-05T15:09:54.820+03:00 DEBUG 16148 --- [nio-8080-exec-8] m.m.a.RequestResponseBodyMethodProcessor : Using 'application/json', given [*/*] and supported [application/json, application/*+json]
2026-05-05T15:09:54.820+03:00 DEBUG 16148 --- [nio-8080-exec-8] m.m.a.RequestResponseBodyMethodProcessor : Writing [UserDto[email=harunmukuss@gmail.com, username=harun resit müküs, role=user, demoBalance=5000.00, com (truncated)...]
2026-05-05T15:09:54.820+03:00 DEBUG 16148 --- [nio-8080-exec-8] o.s.web.servlet.DispatcherServlet        : Completed 200 OK
2026-05-05T15:09:54.828+03:00 DEBUG 16148 --- [nio-8080-exec-4] o.s.web.servlet.DispatcherServlet        : OPTIONS "/api/trips?from=Van&to=Istanbul&date=2026-06-12", parameters={masked}
2026-05-05T15:09:54.828+03:00 DEBUG 16148 --- [nio-8080-exec-4] s.w.s.m.m.a.RequestMappingHandlerMapping : Mapped to com.busgo.controller.TripController#searchTrips(String, String, String)
2026-05-05T15:09:54.831+03:00 DEBUG 16148 --- [nio-8080-exec-4] o.s.web.servlet.DispatcherServlet        : Completed 200 OK
2026-05-05T15:09:54.834+03:00 DEBUG 16148 --- [io-8080-exec-10] o.s.web.servlet.DispatcherServlet        : GET "/api/trips?from=Van&to=Istanbul&date=2026-06-12", parameters={masked}
2026-05-05T15:09:54.835+03:00 DEBUG 16148 --- [io-8080-exec-10] s.w.s.m.m.a.RequestMappingHandlerMapping : Mapped to com.busgo.controller.TripController#searchTrips(String, String, String)
2026-05-05T15:09:54.847+03:00 DEBUG 16148 --- [io-8080-exec-10] m.m.a.RequestResponseBodyMethodProcessor : Using 'application/json', given [*/*] and supported [application/json, application/*+json]
2026-05-05T15:09:54.847+03:00 DEBUG 16148 --- [io-8080-exec-10] m.m.a.RequestResponseBodyMethodProcessor : Writing [[]]
2026-05-05T15:09:54.847+03:00 DEBUG 16148 --- [io-8080-exec-10] o.s.web.servlet.DispatcherServlet        : Completed 200 OK
2026-05-05T15:09:54.847+03:00 DEBUG 16148 --- [nio-8080-exec-1] o.s.web.servlet.DispatcherServlet        : OPTIONS "/api/trips/nearest?from=Van&to=Istanbul&date=2026-06-12", parameters={masked}
2026-05-05T15:09:54.847+03:00 DEBUG 16148 --- [nio-8080-exec-1] s.w.s.m.m.a.RequestMappingHandlerMapping : Mapped to com.busgo.controller.TripController#nearestTrips(String, String, String)
2026-05-05T15:09:54.847+03:00 DEBUG 16148 --- [nio-8080-exec-1] o.s.web.servlet.DispatcherServlet        : Completed 200 OK
2026-05-05T15:09:54.847+03:00 DEBUG 16148 --- [nio-8080-exec-5] o.s.web.servlet.DispatcherServlet        : GET "/api/trips/nearest?from=Van&to=Istanbul&date=2026-06-12", parameters={masked}
2026-05-05T15:09:54.858+03:00 DEBUG 16148 --- [nio-8080-exec-5] s.w.s.m.m.a.RequestMappingHandlerMapping : Mapped to com.busgo.controller.TripController#nearestTrips(String, String, String)
2026-05-05T15:09:54.865+03:00 DEBUG 16148 --- [nio-8080-exec-5] m.m.a.RequestResponseBodyMethodProcessor : Using 'application/json', given [*/*] and supported [application/json, application/*+json]
2026-05-05T15:09:54.865+03:00 DEBUG 16148 --- [nio-8080-exec-5] m.m.a.RequestResponseBodyMethodProcessor : Writing [NearestTripsResponse[date=null, trips=[]]]
2026-05-05T15:09:54.865+03:00 DEBUG 16148 --- [nio-8080-exec-5] o.s.web.servlet.DispatcherServlet        : Completed 200 OK
2026-05-05T15:09:54.879+03:00 DEBUG 16148 --- [nio-8080-exec-3] o.s.web.servlet.DispatcherServlet        : GET "/api/cities", parameters={}
2026-05-05T15:09:54.879+03:00 DEBUG 16148 --- [nio-8080-exec-3] s.w.s.m.m.a.RequestMappingHandlerMapping : Mapped to com.busgo.controller.CatalogController#listCities()
2026-05-05T15:09:54.884+03:00 DEBUG 16148 --- [nio-8080-exec-3] m.m.a.RequestResponseBodyMethodProcessor : Using 'application/json', given [*/*] and supported [application/json, application/*+json]
2026-05-05T15:09:54.888+03:00 DEBUG 16148 --- [nio-8080-exec-3] m.m.a.RequestResponseBodyMethodProcessor : Writing [[CityDto[id=093f3f3f-783f-4d3f-3f3f-3f3f3f3f3330, name=erzurum, countryCode=25], CityDto[id=1068713f (truncated)...]
2026-05-05T15:09:54.888+03:00 DEBUG 16148 --- [nio-8080-exec-3] o.s.web.servlet.DispatcherServlet        : Completed 200 OK
2026-05-05T15:10:08.985+03:00 DEBUG 16148 --- [nio-8080-exec-2] o.s.web.servlet.DispatcherServlet        : GET "/api/auth/me", parameters={}
2026-05-05T15:10:08.987+03:00 DEBUG 16148 --- [nio-8080-exec-2] s.w.s.m.m.a.RequestMappingHandlerMapping : Mapped to com.busgo.controller.AuthController#me(HttpServletRequest)
2026-05-05T15:10:08.996+03:00 DEBUG 16148 --- [nio-8080-exec-2] m.m.a.RequestResponseBodyMethodProcessor : Using 'application/json', given [*/*] and supported [application/json, application/*+json]
2026-05-05T15:10:08.996+03:00 DEBUG 16148 --- [nio-8080-exec-2] m.m.a.RequestResponseBodyMethodProcessor : Writing [UserDto[email=harunmukuss@gmail.com, username=harun resit müküs, role=user, demoBalance=5000.00, com (truncated)...]
2026-05-05T15:10:08.996+03:00 DEBUG 16148 --- [nio-8080-exec-2] o.s.web.servlet.DispatcherServlet        : Completed 200 OK
2026-05-05T15:10:09.004+03:00 DEBUG 16148 --- [nio-8080-exec-9] o.s.web.servlet.DispatcherServlet        : OPTIONS "/api/trips?from=Istanbul&to=erzurum&date=2026-06-12", parameters={masked}
2026-05-05T15:10:09.006+03:00 DEBUG 16148 --- [nio-8080-exec-9] s.w.s.m.m.a.RequestMappingHandlerMapping : Mapped to com.busgo.controller.TripController#searchTrips(String, String, String)
2026-05-05T15:10:09.007+03:00 DEBUG 16148 --- [nio-8080-exec-9] o.s.web.servlet.DispatcherServlet        : Completed 200 OK
2026-05-05T15:10:09.010+03:00 DEBUG 16148 --- [nio-8080-exec-7] o.s.web.servlet.DispatcherServlet        : GET "/api/trips?from=Istanbul&to=erzurum&date=2026-06-12", parameters={masked}
2026-05-05T15:10:09.010+03:00 DEBUG 16148 --- [nio-8080-exec-7] s.w.s.m.m.a.RequestMappingHandlerMapping : Mapped to com.busgo.controller.TripController#searchTrips(String, String, String)
2026-05-05T15:10:09.022+03:00 DEBUG 16148 --- [nio-8080-exec-7] m.m.a.RequestResponseBodyMethodProcessor : Using 'application/json', given [*/*] and supported [application/json, application/*+json]
2026-05-05T15:10:09.022+03:00 DEBUG 16148 --- [nio-8080-exec-7] m.m.a.RequestResponseBodyMethodProcessor : Writing [[]]
2026-05-05T15:10:09.022+03:00 DEBUG 16148 --- [nio-8080-exec-7] o.s.web.servlet.DispatcherServlet        : Completed 200 OK
2026-05-05T15:10:09.022+03:00 DEBUG 16148 --- [nio-8080-exec-6] o.s.web.servlet.DispatcherServlet        : OPTIONS "/api/trips/nearest?from=Istanbul&to=erzurum&date=2026-06-12", parameters={masked}
2026-05-05T15:10:09.022+03:00 DEBUG 16148 --- [nio-8080-exec-6] s.w.s.m.m.a.RequestMappingHandlerMapping : Mapped to com.busgo.controller.TripController#nearestTrips(String, String, String)
2026-05-05T15:10:09.022+03:00 DEBUG 16148 --- [nio-8080-exec-6] o.s.web.servlet.DispatcherServlet        : Completed 200 OK
2026-05-05T15:10:09.032+03:00 DEBUG 16148 --- [nio-8080-exec-8] o.s.web.servlet.DispatcherServlet        : GET "/api/trips/nearest?from=Istanbul&to=erzurum&date=2026-06-12", parameters={masked}
2026-05-05T15:10:09.032+03:00 DEBUG 16148 --- [nio-8080-exec-8] s.w.s.m.m.a.RequestMappingHandlerMapping : Mapped to com.busgo.controller.TripController#nearestTrips(String, String, String)
2026-05-05T15:10:09.044+03:00 DEBUG 16148 --- [nio-8080-exec-8] m.m.a.RequestResponseBodyMethodProcessor : Using 'application/json', given [*/*] and supported [application/json, application/*+json]
2026-05-05T15:10:09.044+03:00 DEBUG 16148 --- [nio-8080-exec-8] m.m.a.RequestResponseBodyMethodProcessor : Writing [NearestTripsResponse[date=null, trips=[]]]
2026-05-05T15:10:09.044+03:00 DEBUG 16148 --- [nio-8080-exec-8] o.s.web.servlet.DispatcherServlet        : Completed 200 OK
2026-05-05T15:10:09.050+03:00 DEBUG 16148 --- [nio-8080-exec-4] o.s.web.servlet.DispatcherServlet        : GET "/api/cities", parameters={}
2026-05-05T15:10:09.051+03:00 DEBUG 16148 --- [nio-8080-exec-4] s.w.s.m.m.a.RequestMappingHandlerMapping : Mapped to com.busgo.controller.CatalogController#listCities()
2026-05-05T15:10:09.057+03:00 DEBUG 16148 --- [nio-8080-exec-4] m.m.a.RequestResponseBodyMethodProcessor : Using 'application/json', given [*/*] and supported [application/json, application/*+json]
2026-05-05T15:10:09.057+03:00 DEBUG 16148 --- [nio-8080-exec-4] m.m.a.RequestResponseBodyMethodProcessor : Writing [[CityDto[id=093f3f3f-783f-4d3f-3f3f-3f3f3f3f3330, name=erzurum, countryCode=25], CityDto[id=1068713f (truncated)...]
2026-05-05T15:10:09.057+03:00 DEBUG 16148 --- [nio-8080-exec-4] o.s.web.servlet.DispatcherServlet        : Completed 200 OK
2026-05-05T15:10:31.214+03:00 DEBUG 16148 --- [io-8080-exec-10] o.s.web.servlet.DispatcherServlet        : GET "/api/auth/me", parameters={}
2026-05-05T15:10:31.215+03:00 DEBUG 16148 --- [io-8080-exec-10] s.w.s.m.m.a.RequestMappingHandlerMapping : Mapped to com.busgo.controller.AuthController#me(HttpServletRequest)
2026-05-05T15:10:31.224+03:00 DEBUG 16148 --- [io-8080-exec-10] m.m.a.RequestResponseBodyMethodProcessor : Using 'application/json', given [*/*] and supported [application/json, application/*+json]
2026-05-05T15:10:31.224+03:00 DEBUG 16148 --- [io-8080-exec-10] m.m.a.RequestResponseBodyMethodProcessor : Writing [UserDto[email=harunmukuss@gmail.com, username=harun resit müküs, role=user, demoBalance=5000.00, com (truncated)...]
2026-05-05T15:10:31.224+03:00 DEBUG 16148 --- [io-8080-exec-10] o.s.web.servlet.DispatcherServlet        : Completed 200 OK
2026-05-05T15:10:31.227+03:00 DEBUG 16148 --- [nio-8080-exec-1] o.s.web.servlet.DispatcherServlet        : GET "/api/tickets/me", parameters={}
2026-05-05T15:10:31.227+03:00 DEBUG 16148 --- [nio-8080-exec-1] s.w.s.m.m.a.RequestMappingHandlerMapping : Mapped to com.busgo.controller.BookingController#listMyTickets(HttpServletRequest)
2026-05-05T15:10:31.245+03:00 DEBUG 16148 --- [nio-8080-exec-1] m.m.a.RequestResponseBodyMethodProcessor : Using 'application/json', given [*/*] and supported [application/json, application/*+json]
2026-05-05T15:10:31.245+03:00 DEBUG 16148 --- [nio-8080-exec-1] m.m.a.RequestResponseBodyMethodProcessor : Writing [[]]
2026-05-05T15:10:31.245+03:00 DEBUG 16148 --- [nio-8080-exec-1] o.s.web.servlet.DispatcherServlet        : Completed 200 OK
2026-05-05T15:10:31.250+03:00 DEBUG 16148 --- [nio-8080-exec-5] o.s.web.servlet.DispatcherServlet        : GET "/api/cities", parameters={}
2026-05-05T15:10:31.250+03:00 DEBUG 16148 --- [nio-8080-exec-5] s.w.s.m.m.a.RequestMappingHandlerMapping : Mapped to com.busgo.controller.CatalogController#listCities()
2026-05-05T15:10:31.254+03:00 DEBUG 16148 --- [nio-8080-exec-5] m.m.a.RequestResponseBodyMethodProcessor : Using 'application/json', given [*/*] and supported [application/json, application/*+json]
2026-05-05T15:10:31.254+03:00 DEBUG 16148 --- [nio-8080-exec-5] m.m.a.RequestResponseBodyMethodProcessor : Writing [[CityDto[id=093f3f3f-783f-4d3f-3f3f-3f3f3f3f3330, name=erzurum, countryCode=25], CityDto[id=1068713f (truncated)...]
2026-05-05T15:10:31.260+03:00 DEBUG 16148 --- [nio-8080-exec-5] o.s.web.servlet.DispatcherServlet        : Completed 200 OK
2026-05-05T15:10:34.807+03:00 DEBUG 16148 --- [nio-8080-exec-3] o.s.web.servlet.DispatcherServlet        : POST "/api/auth/logout", parameters={}
2026-05-05T15:10:34.807+03:00 DEBUG 16148 --- [nio-8080-exec-3] s.w.s.m.m.a.RequestMappingHandlerMapping : Mapped to com.busgo.controller.AuthController#logout(HttpServletRequest)
2026-05-05T15:10:34.820+03:00 DEBUG 16148 --- [nio-8080-exec-3] o.s.w.s.m.m.a.HttpEntityMethodProcessor  : Using 'application/json', given [*/*] and supported [application/json, application/*+json]
2026-05-05T15:10:34.820+03:00 DEBUG 16148 --- [nio-8080-exec-3] o.s.w.s.m.m.a.HttpEntityMethodProcessor  : Nothing to write: null body
2026-05-05T15:10:34.820+03:00 DEBUG 16148 --- [nio-8080-exec-3] o.s.web.servlet.DispatcherServlet        : Completed 204 NO_CONTENT
2026-05-05T15:10:35.570+03:00 DEBUG 16148 --- [nio-8080-exec-2] o.s.web.servlet.DispatcherServlet        : GET "/api/cities", parameters={}
2026-05-05T15:10:35.570+03:00 DEBUG 16148 --- [nio-8080-exec-2] s.w.s.m.m.a.RequestMappingHandlerMapping : Mapped to com.busgo.controller.CatalogController#listCities()
2026-05-05T15:10:35.580+03:00 DEBUG 16148 --- [nio-8080-exec-2] m.m.a.RequestResponseBodyMethodProcessor : Using 'application/json', given [*/*] and supported [application/json, application/*+json]
2026-05-05T15:10:35.582+03:00 DEBUG 16148 --- [nio-8080-exec-2] m.m.a.RequestResponseBodyMethodProcessor : Writing [[CityDto[id=093f3f3f-783f-4d3f-3f3f-3f3f3f3f3330, name=erzurum, countryCode=25], CityDto[id=1068713f (truncated)...]
2026-05-05T15:10:35.583+03:00 DEBUG 16148 --- [nio-8080-exec-2] o.s.web.servlet.DispatcherServlet        : Completed 200 OK
2026-05-05T15:10:35.616+03:00 DEBUG 16148 --- [nio-8080-exec-9] o.s.web.servlet.DispatcherServlet        : GET "/api/cities", parameters={}
2026-05-05T15:10:35.617+03:00 DEBUG 16148 --- [nio-8080-exec-9] s.w.s.m.m.a.RequestMappingHandlerMapping : Mapped to com.busgo.controller.CatalogController#listCities()
2026-05-05T15:10:35.619+03:00 DEBUG 16148 --- [nio-8080-exec-9] m.m.a.RequestResponseBodyMethodProcessor : Using 'application/json', given [*/*] and supported [application/json, application/*+json]
2026-05-05T15:10:35.619+03:00 DEBUG 16148 --- [nio-8080-exec-9] m.m.a.RequestResponseBodyMethodProcessor : Writing [[CityDto[id=093f3f3f-783f-4d3f-3f3f-3f3f3f3f3330, name=erzurum, countryCode=25], CityDto[id=1068713f (truncated)...]
2026-05-05T15:10:35.619+03:00 DEBUG 16148 --- [nio-8080-exec-9] o.s.web.servlet.DispatcherServlet        : Completed 200 OK
2026-05-05T15:10:46.912+03:00 DEBUG 16148 --- [nio-8080-exec-7] o.s.web.servlet.DispatcherServlet        : POST "/api/auth/login", parameters={}
2026-05-05T15:10:46.921+03:00 DEBUG 16148 --- [nio-8080-exec-7] s.w.s.m.m.a.RequestMappingHandlerMapping : Mapped to com.busgo.controller.AuthController#login(LoginRequest)
2026-05-05T15:10:46.921+03:00 DEBUG 16148 --- [nio-8080-exec-7] m.m.a.RequestResponseBodyMethodProcessor : Read "application/json;charset=UTF-8" to [LoginRequest[email=admin@busgo.com, password=1234, role=admin]]
2026-05-05T15:10:47.045+03:00 DEBUG 16148 --- [nio-8080-exec-7] m.m.a.RequestResponseBodyMethodProcessor : Using 'application/json', given [*/*] and supported [application/json, application/*+json]
2026-05-05T15:10:47.045+03:00 DEBUG 16148 --- [nio-8080-exec-7] m.m.a.RequestResponseBodyMethodProcessor : Writing [AuthResponse[token=2ae60c3d-1f73-4a6a-922f-4d914238c918, user=UserDto[email=admin@busgo.com, usernam (truncated)...]
2026-05-05T15:10:47.045+03:00 DEBUG 16148 --- [nio-8080-exec-7] o.s.web.servlet.DispatcherServlet        : Completed 200 OK
2026-05-05T15:10:47.786+03:00 DEBUG 16148 --- [nio-8080-exec-6] o.s.web.servlet.DispatcherServlet        : GET "/api/auth/me", parameters={}
2026-05-05T15:10:47.791+03:00 DEBUG 16148 --- [nio-8080-exec-6] s.w.s.m.m.a.RequestMappingHandlerMapping : Mapped to com.busgo.controller.AuthController#me(HttpServletRequest)
2026-05-05T15:10:47.798+03:00 DEBUG 16148 --- [nio-8080-exec-6] m.m.a.RequestResponseBodyMethodProcessor : Using 'application/json', given [*/*] and supported [application/json, application/*+json]
2026-05-05T15:10:47.798+03:00 DEBUG 16148 --- [nio-8080-exec-6] m.m.a.RequestResponseBodyMethodProcessor : Writing [UserDto[email=admin@busgo.com, username=BusGo Admin, role=admin, demoBalance=5000.00, companyName=nu (truncated)...]
2026-05-05T15:10:47.798+03:00 DEBUG 16148 --- [nio-8080-exec-6] o.s.web.servlet.DispatcherServlet        : Completed 200 OK
2026-05-05T15:10:47.806+03:00 DEBUG 16148 --- [nio-8080-exec-8] o.s.web.servlet.DispatcherServlet        : GET "/api/admin/cities", parameters={}
2026-05-05T15:10:47.807+03:00 DEBUG 16148 --- [nio-8080-exec-8] s.w.s.m.m.a.RequestMappingHandlerMapping : Mapped to com.busgo.controller.AdminController#listCities(HttpServletRequest)
2026-05-05T15:10:47.817+03:00 DEBUG 16148 --- [nio-8080-exec-8] m.m.a.RequestResponseBodyMethodProcessor : Using 'application/json', given [*/*] and supported [application/json, application/*+json]
2026-05-05T15:10:47.819+03:00 DEBUG 16148 --- [nio-8080-exec-8] m.m.a.RequestResponseBodyMethodProcessor : Writing [[CityDto[id=093f3f3f-783f-4d3f-3f3f-3f3f3f3f3330, name=erzurum, countryCode=25], CityDto[id=1068713f (truncated)...]
2026-05-05T15:10:47.819+03:00 DEBUG 16148 --- [nio-8080-exec-8] o.s.web.servlet.DispatcherServlet        : Completed 200 OK
2026-05-05T15:10:47.826+03:00 DEBUG 16148 --- [nio-8080-exec-4] o.s.web.servlet.DispatcherServlet        : GET "/api/admin/companies", parameters={}
2026-05-05T15:10:47.826+03:00 DEBUG 16148 --- [nio-8080-exec-4] s.w.s.m.m.a.RequestMappingHandlerMapping : Mapped to com.busgo.controller.AdminController#listCompanies(HttpServletRequest)
2026-05-05T15:10:47.839+03:00 DEBUG 16148 --- [nio-8080-exec-4] m.m.a.RequestResponseBodyMethodProcessor : Using 'application/json', given [*/*] and supported [application/json, application/*+json]
2026-05-05T15:10:47.842+03:00 DEBUG 16148 --- [nio-8080-exec-4] m.m.a.RequestResponseBodyMethodProcessor : Writing [[CompanyDto[id=3f3f3f2e-6b7e-4b3f-3f3f-3f441070591f, name=VanG??l??Seyahat, phone=5550000001, email= (truncated)...]
2026-05-05T15:10:47.842+03:00 DEBUG 16148 --- [nio-8080-exec-4] o.s.web.servlet.DispatcherServlet        : Completed 200 OK
2026-05-05T15:10:47.848+03:00 DEBUG 16148 --- [io-8080-exec-10] o.s.web.servlet.DispatcherServlet        : GET "/api/admin/trips", parameters={}
2026-05-05T15:10:47.849+03:00 DEBUG 16148 --- [io-8080-exec-10] s.w.s.m.m.a.RequestMappingHandlerMapping : Mapped to com.busgo.controller.AdminController#listTrips(HttpServletRequest)
2026-05-05T15:10:47.873+03:00 DEBUG 16148 --- [io-8080-exec-10] m.m.a.RequestResponseBodyMethodProcessor : Using 'application/json', given [*/*] and supported [application/json, application/*+json]
2026-05-05T15:10:47.874+03:00 DEBUG 16148 --- [io-8080-exec-10] m.m.a.RequestResponseBodyMethodProcessor : Writing [[TripDto[id=3c1d181a-2846-4f3f-3f3f-10611c3f2004, from=??stanbul, to=sivas, date=2026-04-18, company (truncated)...]
2026-05-05T15:10:47.874+03:00 DEBUG 16148 --- [io-8080-exec-10] o.s.web.servlet.DispatcherServlet        : Completed 200 OK
2026-05-05T15:10:47.877+03:00 DEBUG 16148 --- [nio-8080-exec-1] o.s.web.servlet.DispatcherServlet        : GET "/api/admin/tickets", parameters={}
2026-05-05T15:10:47.877+03:00 DEBUG 16148 --- [nio-8080-exec-1] s.w.s.m.m.a.RequestMappingHandlerMapping : Mapped to com.busgo.controller.AdminController#listAllTickets(HttpServletRequest)
2026-05-05T15:10:47.895+03:00 DEBUG 16148 --- [nio-8080-exec-1] m.m.a.RequestResponseBodyMethodProcessor : Using 'application/json', given [*/*] and supported [application/json, application/*+json]
2026-05-05T15:10:47.895+03:00 DEBUG 16148 --- [nio-8080-exec-1] m.m.a.RequestResponseBodyMethodProcessor : Writing [[TicketDto[id=ac9f2873-319b-4d62-ade8-c0d1e6d77dbf, userEmail=sy@gmail.com, userName=sudenaz, from=e (truncated)...]
2026-05-05T15:10:47.895+03:00 DEBUG 16148 --- [nio-8080-exec-1] o.s.web.servlet.DispatcherServlet        : Completed 200 OK
2026-05-05T15:11:06.552+03:00 DEBUG 16148 --- [nio-8080-exec-5] o.s.web.servlet.DispatcherServlet        : POST "/api/auth/logout", parameters={}
2026-05-05T15:11:06.552+03:00 DEBUG 16148 --- [nio-8080-exec-5] s.w.s.m.m.a.RequestMappingHandlerMapping : Mapped to com.busgo.controller.AuthController#logout(HttpServletRequest)
2026-05-05T15:11:06.567+03:00 DEBUG 16148 --- [nio-8080-exec-5] o.s.w.s.m.m.a.HttpEntityMethodProcessor  : Using 'application/json', given [*/*] and supported [application/json, application/*+json]
2026-05-05T15:11:06.570+03:00 DEBUG 16148 --- [nio-8080-exec-5] o.s.w.s.m.m.a.HttpEntityMethodProcessor  : Nothing to write: null body
2026-05-05T15:11:06.572+03:00 DEBUG 16148 --- [nio-8080-exec-5] o.s.web.servlet.DispatcherServlet        : Completed 204 NO_CONTENT
2026-05-05T15:11:07.312+03:00 DEBUG 16148 --- [nio-8080-exec-3] o.s.web.servlet.DispatcherServlet        : GET "/api/cities", parameters={}
2026-05-05T15:11:07.313+03:00 DEBUG 16148 --- [nio-8080-exec-3] s.w.s.m.m.a.RequestMappingHandlerMapping : Mapped to com.busgo.controller.CatalogController#listCities()
2026-05-05T15:11:07.321+03:00 DEBUG 16148 --- [nio-8080-exec-3] m.m.a.RequestResponseBodyMethodProcessor : Using 'application/json', given [*/*] and supported [application/json, application/*+json]
2026-05-05T15:11:07.322+03:00 DEBUG 16148 --- [nio-8080-exec-3] m.m.a.RequestResponseBodyMethodProcessor : Writing [[CityDto[id=093f3f3f-783f-4d3f-3f3f-3f3f3f3f3330, name=erzurum, countryCode=25], CityDto[id=1068713f (truncated)...]
2026-05-05T15:11:07.323+03:00 DEBUG 16148 --- [nio-8080-exec-3] o.s.web.servlet.DispatcherServlet        : Completed 200 OK
2026-05-05T15:11:07.327+03:00 DEBUG 16148 --- [nio-8080-exec-2] o.s.web.servlet.DispatcherServlet        : GET "/api/cities", parameters={}
2026-05-05T15:11:07.330+03:00 DEBUG 16148 --- [nio-8080-exec-2] s.w.s.m.m.a.RequestMappingHandlerMapping : Mapped to com.busgo.controller.CatalogController#listCities()
2026-05-05T15:11:07.332+03:00 DEBUG 16148 --- [nio-8080-exec-2] m.m.a.RequestResponseBodyMethodProcessor : Using 'application/json', given [*/*] and supported [application/json, application/*+json]
2026-05-05T15:11:07.338+03:00 DEBUG 16148 --- [nio-8080-exec-2] m.m.a.RequestResponseBodyMethodProcessor : Writing [[CityDto[id=093f3f3f-783f-4d3f-3f3f-3f3f3f3f3330, name=erzurum, countryCode=25], CityDto[id=1068713f (truncated)...]
2026-05-05T15:11:07.338+03:00 DEBUG 16148 --- [nio-8080-exec-2] o.s.web.servlet.DispatcherServlet        : Completed 200 OK
2026-05-05T15:11:10.160+03:00 DEBUG 16148 --- [nio-8080-exec-9] o.s.web.servlet.DispatcherServlet        : GET "/api/cities", parameters={}
2026-05-05T15:11:10.168+03:00 DEBUG 16148 --- [nio-8080-exec-9] s.w.s.m.m.a.RequestMappingHandlerMapping : Mapped to com.busgo.controller.CatalogController#listCities()
2026-05-05T15:11:10.176+03:00 DEBUG 16148 --- [nio-8080-exec-9] m.m.a.RequestResponseBodyMethodProcessor : Using 'application/json', given [*/*] and supported [application/json, application/*+json]
2026-05-05T15:11:10.176+03:00 DEBUG 16148 --- [nio-8080-exec-9] m.m.a.RequestResponseBodyMethodProcessor : Writing [[CityDto[id=093f3f3f-783f-4d3f-3f3f-3f3f3f3f3330, name=erzurum, countryCode=25], CityDto[id=1068713f (truncated)...]
2026-05-05T15:11:10.176+03:00 DEBUG 16148 --- [nio-8080-exec-9] o.s.web.servlet.DispatcherServlet        : Completed 200 OK
2026-05-05T15:11:25.965+03:00 DEBUG 16148 --- [nio-8080-exec-7] o.s.web.servlet.DispatcherServlet        : POST "/api/auth/login", parameters={}
2026-05-05T15:11:25.973+03:00 DEBUG 16148 --- [nio-8080-exec-7] s.w.s.m.m.a.RequestMappingHandlerMapping : Mapped to com.busgo.controller.AuthController#login(LoginRequest)
2026-05-05T15:11:25.975+03:00 DEBUG 16148 --- [nio-8080-exec-7] m.m.a.RequestResponseBodyMethodProcessor : Read "application/json;charset=UTF-8" to [LoginRequest[email=harunmukuss@gmail.com, password=123456, role=user]]
2026-05-05T15:11:26.100+03:00 DEBUG 16148 --- [nio-8080-exec-7] m.m.a.RequestResponseBodyMethodProcessor : Using 'application/json', given [*/*] and supported [application/json, application/*+json]
2026-05-05T15:11:26.102+03:00 DEBUG 16148 --- [nio-8080-exec-7] m.m.a.RequestResponseBodyMethodProcessor : Writing [AuthResponse[token=f8050afe-c9e3-4c55-9540-3c4e987f5031, user=UserDto[email=harunmukuss@gmail.com, u (truncated)...]
2026-05-05T15:11:26.103+03:00 DEBUG 16148 --- [nio-8080-exec-7] o.s.web.servlet.DispatcherServlet        : Completed 200 OK
2026-05-05T15:11:26.941+03:00 DEBUG 16148 --- [nio-8080-exec-6] o.s.web.servlet.DispatcherServlet        : GET "/api/auth/me", parameters={}
2026-05-05T15:11:26.947+03:00 DEBUG 16148 --- [nio-8080-exec-6] s.w.s.m.m.a.RequestMappingHandlerMapping : Mapped to com.busgo.controller.AuthController#me(HttpServletRequest)
2026-05-05T15:11:26.953+03:00 DEBUG 16148 --- [nio-8080-exec-6] m.m.a.RequestResponseBodyMethodProcessor : Using 'application/json', given [*/*] and supported [application/json, application/*+json]
2026-05-05T15:11:26.953+03:00 DEBUG 16148 --- [nio-8080-exec-6] m.m.a.RequestResponseBodyMethodProcessor : Writing [UserDto[email=harunmukuss@gmail.com, username=harun resit müküs, role=user, demoBalance=5000.00, com (truncated)...]
2026-05-05T15:11:26.953+03:00 DEBUG 16148 --- [nio-8080-exec-6] o.s.web.servlet.DispatcherServlet        : Completed 200 OK
2026-05-05T15:11:26.960+03:00 DEBUG 16148 --- [nio-8080-exec-8] o.s.web.servlet.DispatcherServlet        : GET "/api/cities", parameters={}
2026-05-05T15:11:26.960+03:00 DEBUG 16148 --- [nio-8080-exec-8] s.w.s.m.m.a.RequestMappingHandlerMapping : Mapped to com.busgo.controller.CatalogController#listCities()
2026-05-05T15:11:26.964+03:00 DEBUG 16148 --- [nio-8080-exec-8] m.m.a.RequestResponseBodyMethodProcessor : Using 'application/json', given [*/*] and supported [application/json, application/*+json]
2026-05-05T15:11:26.969+03:00 DEBUG 16148 --- [nio-8080-exec-8] m.m.a.RequestResponseBodyMethodProcessor : Writing [[CityDto[id=093f3f3f-783f-4d3f-3f3f-3f3f3f3f3330, name=erzurum, countryCode=25], CityDto[id=1068713f (truncated)...]
2026-05-05T15:11:26.970+03:00 DEBUG 16148 --- [nio-8080-exec-8] o.s.web.servlet.DispatcherServlet        : Completed 200 OK
2026-05-05T15:11:26.972+03:00 DEBUG 16148 --- [nio-8080-exec-4] o.s.web.servlet.DispatcherServlet        : GET "/api/cities", parameters={}
2026-05-05T15:11:26.972+03:00 DEBUG 16148 --- [nio-8080-exec-4] s.w.s.m.m.a.RequestMappingHandlerMapping : Mapped to com.busgo.controller.CatalogController#listCities()
2026-05-05T15:11:26.980+03:00 DEBUG 16148 --- [nio-8080-exec-4] m.m.a.RequestResponseBodyMethodProcessor : Using 'application/json', given [*/*] and supported [application/json, application/*+json]
2026-05-05T15:11:26.980+03:00 DEBUG 16148 --- [nio-8080-exec-4] m.m.a.RequestResponseBodyMethodProcessor : Writing [[CityDto[id=093f3f3f-783f-4d3f-3f3f-3f3f3f3f3330, name=erzurum, countryCode=25], CityDto[id=1068713f (truncated)...]
2026-05-05T15:11:26.985+03:00 DEBUG 16148 --- [nio-8080-exec-4] o.s.web.servlet.DispatcherServlet        : Completed 200 OK
2026-05-05T15:11:34.871+03:00 DEBUG 16148 --- [io-8080-exec-10] o.s.web.servlet.DispatcherServlet        : GET "/api/auth/me", parameters={}
2026-05-05T15:11:34.877+03:00 DEBUG 16148 --- [io-8080-exec-10] s.w.s.m.m.a.RequestMappingHandlerMapping : Mapped to com.busgo.controller.AuthController#me(HttpServletRequest)
2026-05-05T15:11:34.885+03:00 DEBUG 16148 --- [io-8080-exec-10] m.m.a.RequestResponseBodyMethodProcessor : Using 'application/json', given [*/*] and supported [application/json, application/*+json]
2026-05-05T15:11:34.885+03:00 DEBUG 16148 --- [io-8080-exec-10] m.m.a.RequestResponseBodyMethodProcessor : Writing [UserDto[email=harunmukuss@gmail.com, username=harun resit müküs, role=user, demoBalance=5000.00, com (truncated)...]
2026-05-05T15:11:34.885+03:00 DEBUG 16148 --- [io-8080-exec-10] o.s.web.servlet.DispatcherServlet        : Completed 200 OK
2026-05-05T15:11:34.890+03:00 DEBUG 16148 --- [nio-8080-exec-1] o.s.web.servlet.DispatcherServlet        : OPTIONS "/api/trips?from=Ankara&to=Van&date=2026-06-12", parameters={masked}
2026-05-05T15:11:34.890+03:00 DEBUG 16148 --- [nio-8080-exec-1] s.w.s.m.m.a.RequestMappingHandlerMapping : Mapped to com.busgo.controller.TripController#searchTrips(String, String, String)
2026-05-05T15:11:34.890+03:00 DEBUG 16148 --- [nio-8080-exec-1] o.s.web.servlet.DispatcherServlet        : Completed 200 OK
2026-05-05T15:11:34.895+03:00 DEBUG 16148 --- [nio-8080-exec-5] o.s.web.servlet.DispatcherServlet        : GET "/api/trips?from=Ankara&to=Van&date=2026-06-12", parameters={masked}
2026-05-05T15:11:34.896+03:00 DEBUG 16148 --- [nio-8080-exec-5] s.w.s.m.m.a.RequestMappingHandlerMapping : Mapped to com.busgo.controller.TripController#searchTrips(String, String, String)
2026-05-05T15:11:34.912+03:00 DEBUG 16148 --- [nio-8080-exec-5] m.m.a.RequestResponseBodyMethodProcessor : Using 'application/json', given [*/*] and supported [application/json, application/*+json]
2026-05-05T15:11:34.912+03:00 DEBUG 16148 --- [nio-8080-exec-5] m.m.a.RequestResponseBodyMethodProcessor : Writing [[TripDto[id=c1ed8680-10ea-4528-a57b-2b3302886f2e, from=Ankara, to=Van, date=2026-06-12, company=VanG (truncated)...]
2026-05-05T15:11:34.912+03:00 DEBUG 16148 --- [nio-8080-exec-5] o.s.web.servlet.DispatcherServlet        : Completed 200 OK
2026-05-05T15:11:34.919+03:00 DEBUG 16148 --- [nio-8080-exec-3] o.s.web.servlet.DispatcherServlet        : GET "/api/cities", parameters={}
2026-05-05T15:11:34.919+03:00 DEBUG 16148 --- [nio-8080-exec-3] s.w.s.m.m.a.RequestMappingHandlerMapping : Mapped to com.busgo.controller.CatalogController#listCities()
2026-05-05T15:11:34.926+03:00 DEBUG 16148 --- [nio-8080-exec-3] m.m.a.RequestResponseBodyMethodProcessor : Using 'application/json', given [*/*] and supported [application/json, application/*+json]
2026-05-05T15:11:34.926+03:00 DEBUG 16148 --- [nio-8080-exec-3] m.m.a.RequestResponseBodyMethodProcessor : Writing [[CityDto[id=093f3f3f-783f-4d3f-3f3f-3f3f3f3f3330, name=erzurum, countryCode=25], CityDto[id=1068713f (truncated)...]
2026-05-05T15:11:34.929+03:00 DEBUG 16148 --- [nio-8080-exec-3] o.s.web.servlet.DispatcherServlet        : Completed 200 OK
2026-05-05T15:11:36.909+03:00 DEBUG 16148 --- [nio-8080-exec-2] o.s.web.servlet.DispatcherServlet        : GET "/api/auth/me", parameters={}
2026-05-05T15:11:36.912+03:00 DEBUG 16148 --- [nio-8080-exec-2] s.w.s.m.m.a.RequestMappingHandlerMapping : Mapped to com.busgo.controller.AuthController#me(HttpServletRequest)
2026-05-05T15:11:36.917+03:00 DEBUG 16148 --- [nio-8080-exec-2] m.m.a.RequestResponseBodyMethodProcessor : Using 'application/json', given [*/*] and supported [application/json, application/*+json]
2026-05-05T15:11:36.920+03:00 DEBUG 16148 --- [nio-8080-exec-2] m.m.a.RequestResponseBodyMethodProcessor : Writing [UserDto[email=harunmukuss@gmail.com, username=harun resit müküs, role=user, demoBalance=5000.00, com (truncated)...]
2026-05-05T15:11:36.921+03:00 DEBUG 16148 --- [nio-8080-exec-2] o.s.web.servlet.DispatcherServlet        : Completed 200 OK
2026-05-05T15:11:36.922+03:00 DEBUG 16148 --- [nio-8080-exec-9] o.s.web.servlet.DispatcherServlet        : GET "/api/cities", parameters={}
2026-05-05T15:11:36.922+03:00 DEBUG 16148 --- [nio-8080-exec-9] s.w.s.m.m.a.RequestMappingHandlerMapping : Mapped to com.busgo.controller.CatalogController#listCities()
2026-05-05T15:11:36.929+03:00 DEBUG 16148 --- [nio-8080-exec-9] m.m.a.RequestResponseBodyMethodProcessor : Using 'application/json', given [*/*] and supported [application/json, application/*+json]
2026-05-05T15:11:36.929+03:00 DEBUG 16148 --- [nio-8080-exec-9] m.m.a.RequestResponseBodyMethodProcessor : Writing [[CityDto[id=093f3f3f-783f-4d3f-3f3f-3f3f3f3f3330, name=erzurum, countryCode=25], CityDto[id=1068713f (truncated)...]
2026-05-05T15:11:36.929+03:00 DEBUG 16148 --- [nio-8080-exec-9] o.s.web.servlet.DispatcherServlet        : Completed 200 OK
2026-05-05T15:14:15.903+03:00 DEBUG 16148 --- [nio-8080-exec-6] o.s.web.servlet.DispatcherServlet        : GET "/api/auth/me", parameters={}
2026-05-05T15:14:15.906+03:00 DEBUG 16148 --- [nio-8080-exec-6] s.w.s.m.m.a.RequestMappingHandlerMapping : Mapped to com.busgo.controller.AuthController#me(HttpServletRequest)
2026-05-05T15:14:15.914+03:00 DEBUG 16148 --- [nio-8080-exec-6] m.m.a.RequestResponseBodyMethodProcessor : Using 'application/json', given [*/*] and supported [application/json, application/*+json]
2026-05-05T15:14:15.914+03:00 DEBUG 16148 --- [nio-8080-exec-6] m.m.a.RequestResponseBodyMethodProcessor : Writing [UserDto[email=harunmukuss@gmail.com, username=harun resit müküs, role=user, demoBalance=5000.00, com (truncated)...]
2026-05-05T15:14:15.914+03:00 DEBUG 16148 --- [nio-8080-exec-6] o.s.web.servlet.DispatcherServlet        : Completed 200 OK
2026-05-05T15:14:15.923+03:00 DEBUG 16148 --- [nio-8080-exec-8] o.s.web.servlet.DispatcherServlet        : GET "/api/trips?from=Ankara&to=Van&date=2026-06-12", parameters={masked}
2026-05-05T15:14:15.924+03:00 DEBUG 16148 --- [nio-8080-exec-8] s.w.s.m.m.a.RequestMappingHandlerMapping : Mapped to com.busgo.controller.TripController#searchTrips(String, String, String)
2026-05-05T15:14:15.943+03:00 DEBUG 16148 --- [nio-8080-exec-8] m.m.a.RequestResponseBodyMethodProcessor : Using 'application/json', given [*/*] and supported [application/json, application/*+json]
2026-05-05T15:14:15.943+03:00 DEBUG 16148 --- [nio-8080-exec-8] m.m.a.RequestResponseBodyMethodProcessor : Writing [[TripDto[id=c1ed8680-10ea-4528-a57b-2b3302886f2e, from=Ankara, to=Van, date=2026-06-12, company=VanG (truncated)...]
2026-05-05T15:14:15.943+03:00 DEBUG 16148 --- [nio-8080-exec-8] o.s.web.servlet.DispatcherServlet        : Completed 200 OK
2026-05-05T15:14:15.952+03:00 DEBUG 16148 --- [nio-8080-exec-4] o.s.web.servlet.DispatcherServlet        : GET "/api/cities", parameters={}
2026-05-05T15:14:15.952+03:00 DEBUG 16148 --- [nio-8080-exec-4] s.w.s.m.m.a.RequestMappingHandlerMapping : Mapped to com.busgo.controller.CatalogController#listCities()
2026-05-05T15:14:15.959+03:00 DEBUG 16148 --- [nio-8080-exec-4] m.m.a.RequestResponseBodyMethodProcessor : Using 'application/json', given [*/*] and supported [application/json, application/*+json]
2026-05-05T15:14:15.959+03:00 DEBUG 16148 --- [nio-8080-exec-4] m.m.a.RequestResponseBodyMethodProcessor : Writing [[CityDto[id=093f3f3f-783f-4d3f-3f3f-3f3f3f3f3330, name=erzurum, countryCode=25], CityDto[id=1068713f (truncated)...]
2026-05-05T15:14:15.959+03:00 DEBUG 16148 --- [nio-8080-exec-4] o.s.web.servlet.DispatcherServlet        : Completed 200 OK
2026-05-05T15:14:17.655+03:00 DEBUG 16148 --- [io-8080-exec-10] o.s.web.servlet.DispatcherServlet        : GET "/api/auth/me", parameters={}
2026-05-05T15:14:17.655+03:00 DEBUG 16148 --- [io-8080-exec-10] s.w.s.m.m.a.RequestMappingHandlerMapping : Mapped to com.busgo.controller.AuthController#me(HttpServletRequest)
2026-05-05T15:14:17.664+03:00 DEBUG 16148 --- [io-8080-exec-10] m.m.a.RequestResponseBodyMethodProcessor : Using 'application/json', given [*/*] and supported [application/json, application/*+json]
2026-05-05T15:14:17.666+03:00 DEBUG 16148 --- [io-8080-exec-10] m.m.a.RequestResponseBodyMethodProcessor : Writing [UserDto[email=harunmukuss@gmail.com, username=harun resit müküs, role=user, demoBalance=5000.00, com (truncated)...]
2026-05-05T15:14:17.666+03:00 DEBUG 16148 --- [io-8080-exec-10] o.s.web.servlet.DispatcherServlet        : Completed 200 OK
2026-05-05T15:14:17.673+03:00 DEBUG 16148 --- [nio-8080-exec-1] o.s.web.servlet.DispatcherServlet        : GET "/api/trips?from=Ankara&to=Van&date=2026-06-12", parameters={masked}
2026-05-05T15:14:17.673+03:00 DEBUG 16148 --- [nio-8080-exec-1] s.w.s.m.m.a.RequestMappingHandlerMapping : Mapped to com.busgo.controller.TripController#searchTrips(String, String, String)
2026-05-05T15:14:17.697+03:00 DEBUG 16148 --- [nio-8080-exec-1] m.m.a.RequestResponseBodyMethodProcessor : Using 'application/json', given [*/*] and supported [application/json, application/*+json]
2026-05-05T15:14:17.697+03:00 DEBUG 16148 --- [nio-8080-exec-1] m.m.a.RequestResponseBodyMethodProcessor : Writing [[TripDto[id=c1ed8680-10ea-4528-a57b-2b3302886f2e, from=Ankara, to=Van, date=2026-06-12, company=VanG (truncated)...]
2026-05-05T15:14:17.698+03:00 DEBUG 16148 --- [nio-8080-exec-1] o.s.web.servlet.DispatcherServlet        : Completed 200 OK
2026-05-05T15:14:17.703+03:00 DEBUG 16148 --- [nio-8080-exec-5] o.s.web.servlet.DispatcherServlet        : GET "/api/cities", parameters={}
2026-05-05T15:14:17.703+03:00 DEBUG 16148 --- [nio-8080-exec-5] s.w.s.m.m.a.RequestMappingHandlerMapping : Mapped to com.busgo.controller.CatalogController#listCities()
2026-05-05T15:14:17.707+03:00 DEBUG 16148 --- [nio-8080-exec-5] m.m.a.RequestResponseBodyMethodProcessor : Using 'application/json', given [*/*] and supported [application/json, application/*+json]
2026-05-05T15:14:17.707+03:00 DEBUG 16148 --- [nio-8080-exec-5] m.m.a.RequestResponseBodyMethodProcessor : Writing [[CityDto[id=093f3f3f-783f-4d3f-3f3f-3f3f3f3f3330, name=erzurum, countryCode=25], CityDto[id=1068713f (truncated)...]
2026-05-05T15:14:17.707+03:00 DEBUG 16148 --- [nio-8080-exec-5] o.s.web.servlet.DispatcherServlet        : Completed 200 OK
2026-05-05T15:14:18.096+03:00 DEBUG 16148 --- [nio-8080-exec-3] o.s.web.servlet.DispatcherServlet        : GET "/api/auth/me", parameters={}
2026-05-05T15:14:18.097+03:00 DEBUG 16148 --- [nio-8080-exec-3] s.w.s.m.m.a.RequestMappingHandlerMapping : Mapped to com.busgo.controller.AuthController#me(HttpServletRequest)
2026-05-05T15:14:18.103+03:00 DEBUG 16148 --- [nio-8080-exec-3] m.m.a.RequestResponseBodyMethodProcessor : Using 'application/json', given [*/*] and supported [application/json, application/*+json]
2026-05-05T15:14:18.105+03:00 DEBUG 16148 --- [nio-8080-exec-3] m.m.a.RequestResponseBodyMethodProcessor : Writing [UserDto[email=harunmukuss@gmail.com, username=harun resit müküs, role=user, demoBalance=5000.00, com (truncated)...]
2026-05-05T15:14:18.106+03:00 DEBUG 16148 --- [nio-8080-exec-3] o.s.web.servlet.DispatcherServlet        : Completed 200 OK
2026-05-05T15:14:18.108+03:00 DEBUG 16148 --- [nio-8080-exec-2] o.s.web.servlet.DispatcherServlet        : GET "/api/trips?from=Ankara&to=Van&date=2026-06-12", parameters={masked}
2026-05-05T15:14:18.108+03:00 DEBUG 16148 --- [nio-8080-exec-2] s.w.s.m.m.a.RequestMappingHandlerMapping : Mapped to com.busgo.controller.TripController#searchTrips(String, String, String)
2026-05-05T15:14:18.126+03:00 DEBUG 16148 --- [nio-8080-exec-2] m.m.a.RequestResponseBodyMethodProcessor : Using 'application/json', given [*/*] and supported [application/json, application/*+json]
2026-05-05T15:14:18.134+03:00 DEBUG 16148 --- [nio-8080-exec-2] m.m.a.RequestResponseBodyMethodProcessor : Writing [[TripDto[id=c1ed8680-10ea-4528-a57b-2b3302886f2e, from=Ankara, to=Van, date=2026-06-12, company=VanG (truncated)...]
2026-05-05T15:14:18.135+03:00 DEBUG 16148 --- [nio-8080-exec-2] o.s.web.servlet.DispatcherServlet        : Completed 200 OK
2026-05-05T15:14:18.138+03:00 DEBUG 16148 --- [nio-8080-exec-9] o.s.web.servlet.DispatcherServlet        : GET "/api/cities", parameters={}
2026-05-05T15:14:18.138+03:00 DEBUG 16148 --- [nio-8080-exec-9] s.w.s.m.m.a.RequestMappingHandlerMapping : Mapped to com.busgo.controller.CatalogController#listCities()
2026-05-05T15:14:18.138+03:00 DEBUG 16148 --- [nio-8080-exec-9] m.m.a.RequestResponseBodyMethodProcessor : Using 'application/json', given [*/*] and supported [application/json, application/*+json]
2026-05-05T15:14:18.138+03:00 DEBUG 16148 --- [nio-8080-exec-9] m.m.a.RequestResponseBodyMethodProcessor : Writing [[CityDto[id=093f3f3f-783f-4d3f-3f3f-3f3f3f3f3330, name=erzurum, countryCode=25], CityDto[id=1068713f (truncated)...]
2026-05-05T15:14:18.138+03:00 DEBUG 16148 --- [nio-8080-exec-9] o.s.web.servlet.DispatcherServlet        : Completed 200 OK
2026-05-05T15:14:18.835+03:00 DEBUG 16148 --- [nio-8080-exec-7] o.s.web.servlet.DispatcherServlet        : GET "/api/auth/me", parameters={}
2026-05-05T15:14:18.840+03:00 DEBUG 16148 --- [nio-8080-exec-7] s.w.s.m.m.a.RequestMappingHandlerMapping : Mapped to com.busgo.controller.AuthController#me(HttpServletRequest)
2026-05-05T15:14:18.847+03:00 DEBUG 16148 --- [nio-8080-exec-7] m.m.a.RequestResponseBodyMethodProcessor : Using 'application/json', given [*/*] and supported [application/json, application/*+json]
2026-05-05T15:14:18.847+03:00 DEBUG 16148 --- [nio-8080-exec-7] m.m.a.RequestResponseBodyMethodProcessor : Writing [UserDto[email=harunmukuss@gmail.com, username=harun resit müküs, role=user, demoBalance=5000.00, com (truncated)...]
2026-05-05T15:14:18.847+03:00 DEBUG 16148 --- [nio-8080-exec-7] o.s.web.servlet.DispatcherServlet        : Completed 200 OK
2026-05-05T15:14:18.855+03:00 DEBUG 16148 --- [nio-8080-exec-6] o.s.web.servlet.DispatcherServlet        : GET "/api/trips?from=Ankara&to=Van&date=2026-06-12", parameters={masked}
2026-05-05T15:14:18.857+03:00 DEBUG 16148 --- [nio-8080-exec-6] s.w.s.m.m.a.RequestMappingHandlerMapping : Mapped to com.busgo.controller.TripController#searchTrips(String, String, String)
2026-05-05T15:14:18.872+03:00 DEBUG 16148 --- [nio-8080-exec-6] m.m.a.RequestResponseBodyMethodProcessor : Using 'application/json', given [*/*] and supported [application/json, application/*+json]
2026-05-05T15:14:18.873+03:00 DEBUG 16148 --- [nio-8080-exec-6] m.m.a.RequestResponseBodyMethodProcessor : Writing [[TripDto[id=c1ed8680-10ea-4528-a57b-2b3302886f2e, from=Ankara, to=Van, date=2026-06-12, company=VanG (truncated)...]
2026-05-05T15:14:18.875+03:00 DEBUG 16148 --- [nio-8080-exec-6] o.s.web.servlet.DispatcherServlet        : Completed 200 OK
2026-05-05T15:14:18.881+03:00 DEBUG 16148 --- [nio-8080-exec-8] o.s.web.servlet.DispatcherServlet        : GET "/api/cities", parameters={}
2026-05-05T15:14:18.881+03:00 DEBUG 16148 --- [nio-8080-exec-8] s.w.s.m.m.a.RequestMappingHandlerMapping : Mapped to com.busgo.controller.CatalogController#listCities()
2026-05-05T15:14:18.885+03:00 DEBUG 16148 --- [nio-8080-exec-8] m.m.a.RequestResponseBodyMethodProcessor : Using 'application/json', given [*/*] and supported [application/json, application/*+json]
2026-05-05T15:14:18.885+03:00 DEBUG 16148 --- [nio-8080-exec-8] m.m.a.RequestResponseBodyMethodProcessor : Writing [[CityDto[id=093f3f3f-783f-4d3f-3f3f-3f3f3f3f3330, name=erzurum, countryCode=25], CityDto[id=1068713f (truncated)...]
2026-05-05T15:14:18.890+03:00 DEBUG 16148 --- [nio-8080-exec-8] o.s.web.servlet.DispatcherServlet        : Completed 200 OK
2026-05-05T15:14:19.365+03:00 DEBUG 16148 --- [nio-8080-exec-4] o.s.web.servlet.DispatcherServlet        : GET "/api/auth/me", parameters={}
2026-05-05T15:14:19.372+03:00 DEBUG 16148 --- [nio-8080-exec-4] s.w.s.m.m.a.RequestMappingHandlerMapping : Mapped to com.busgo.controller.AuthController#me(HttpServletRequest)
2026-05-05T15:14:19.377+03:00 DEBUG 16148 --- [nio-8080-exec-4] m.m.a.RequestResponseBodyMethodProcessor : Using 'application/json', given [*/*] and supported [application/json, application/*+json]
2026-05-05T15:14:19.379+03:00 DEBUG 16148 --- [nio-8080-exec-4] m.m.a.RequestResponseBodyMethodProcessor : Writing [UserDto[email=harunmukuss@gmail.com, username=harun resit müküs, role=user, demoBalance=5000.00, com (truncated)...]
2026-05-05T15:14:19.379+03:00 DEBUG 16148 --- [nio-8080-exec-4] o.s.web.servlet.DispatcherServlet        : Completed 200 OK
2026-05-05T15:14:19.387+03:00 DEBUG 16148 --- [io-8080-exec-10] o.s.web.servlet.DispatcherServlet        : GET "/api/trips?from=Ankara&to=Van&date=2026-06-12", parameters={masked}
2026-05-05T15:14:19.387+03:00 DEBUG 16148 --- [io-8080-exec-10] s.w.s.m.m.a.RequestMappingHandlerMapping : Mapped to com.busgo.controller.TripController#searchTrips(String, String, String)
2026-05-05T15:14:19.403+03:00 DEBUG 16148 --- [io-8080-exec-10] m.m.a.RequestResponseBodyMethodProcessor : Using 'application/json', given [*/*] and supported [application/json, application/*+json]
2026-05-05T15:14:19.403+03:00 DEBUG 16148 --- [io-8080-exec-10] m.m.a.RequestResponseBodyMethodProcessor : Writing [[TripDto[id=c1ed8680-10ea-4528-a57b-2b3302886f2e, from=Ankara, to=Van, date=2026-06-12, company=VanG (truncated)...]
2026-05-05T15:14:19.403+03:00 DEBUG 16148 --- [io-8080-exec-10] o.s.web.servlet.DispatcherServlet        : Completed 200 OK
2026-05-05T15:14:19.412+03:00 DEBUG 16148 --- [nio-8080-exec-1] o.s.web.servlet.DispatcherServlet        : GET "/api/cities", parameters={}
2026-05-05T15:14:19.412+03:00 DEBUG 16148 --- [nio-8080-exec-1] s.w.s.m.m.a.RequestMappingHandlerMapping : Mapped to com.busgo.controller.CatalogController#listCities()
2026-05-05T15:14:19.414+03:00 DEBUG 16148 --- [nio-8080-exec-1] m.m.a.RequestResponseBodyMethodProcessor : Using 'application/json', given [*/*] and supported [application/json, application/*+json]
2026-05-05T15:14:19.414+03:00 DEBUG 16148 --- [nio-8080-exec-1] m.m.a.RequestResponseBodyMethodProcessor : Writing [[CityDto[id=093f3f3f-783f-4d3f-3f3f-3f3f3f3f3330, name=erzurum, countryCode=25], CityDto[id=1068713f (truncated)...]
2026-05-05T15:14:19.414+03:00 DEBUG 16148 --- [nio-8080-exec-1] o.s.web.servlet.DispatcherServlet        : Completed 200 OK
2026-05-05T15:33:11.404+03:00 DEBUG 16148 --- [nio-8080-exec-3] o.s.web.servlet.DispatcherServlet        : GET "/api/auth/me", parameters={}
2026-05-05T15:33:11.406+03:00 DEBUG 16148 --- [nio-8080-exec-3] s.w.s.m.m.a.RequestMappingHandlerMapping : Mapped to com.busgo.controller.AuthController#me(HttpServletRequest)
2026-05-05T15:33:11.416+03:00 DEBUG 16148 --- [nio-8080-exec-3] m.m.a.RequestResponseBodyMethodProcessor : Using 'application/json', given [*/*] and supported [application/json, application/*+json]
2026-05-05T15:33:11.416+03:00 DEBUG 16148 --- [nio-8080-exec-3] m.m.a.RequestResponseBodyMethodProcessor : Writing [UserDto[email=harunmukuss@gmail.com, username=harun resit müküs, role=user, demoBalance=5000.00, com (truncated)...]
2026-05-05T15:33:11.420+03:00 DEBUG 16148 --- [nio-8080-exec-3] o.s.web.servlet.DispatcherServlet        : Completed 200 OK
2026-05-05T15:33:11.428+03:00 DEBUG 16148 --- [nio-8080-exec-2] o.s.web.servlet.DispatcherServlet        : GET "/api/trips?from=Ankara&to=Van&date=2026-06-12", parameters={masked}
2026-05-05T15:33:11.430+03:00 DEBUG 16148 --- [nio-8080-exec-2] s.w.s.m.m.a.RequestMappingHandlerMapping : Mapped to com.busgo.controller.TripController#searchTrips(String, String, String)
2026-05-05T15:33:11.461+03:00 DEBUG 16148 --- [nio-8080-exec-2] m.m.a.RequestResponseBodyMethodProcessor : Using 'application/json', given [*/*] and supported [application/json, application/*+json]
2026-05-05T15:33:11.461+03:00 DEBUG 16148 --- [nio-8080-exec-2] m.m.a.RequestResponseBodyMethodProcessor : Writing [[TripDto[id=c1ed8680-10ea-4528-a57b-2b3302886f2e, from=Ankara, to=Van, date=2026-06-12, company=VanG (truncated)...]
2026-05-05T15:33:11.461+03:00 DEBUG 16148 --- [nio-8080-exec-2] o.s.web.servlet.DispatcherServlet        : Completed 200 OK
2026-05-05T15:33:11.475+03:00 DEBUG 16148 --- [nio-8080-exec-9] o.s.web.servlet.DispatcherServlet        : GET "/api/cities", parameters={}
2026-05-05T15:33:11.475+03:00 DEBUG 16148 --- [nio-8080-exec-9] s.w.s.m.m.a.RequestMappingHandlerMapping : Mapped to com.busgo.controller.CatalogController#listCities()
2026-05-05T15:33:11.484+03:00 DEBUG 16148 --- [nio-8080-exec-9] m.m.a.RequestResponseBodyMethodProcessor : Using 'application/json', given [*/*] and supported [application/json, application/*+json]
2026-05-05T15:33:11.484+03:00 DEBUG 16148 --- [nio-8080-exec-9] m.m.a.RequestResponseBodyMethodProcessor : Writing [[CityDto[id=093f3f3f-783f-4d3f-3f3f-3f3f3f3f3330, name=erzurum, countryCode=25], CityDto[id=1068713f (truncated)...]
2026-05-05T15:33:11.488+03:00 DEBUG 16148 --- [nio-8080-exec-9] o.s.web.servlet.DispatcherServlet        : Completed 200 OK
2026-05-05T15:50:23.099+03:00 DEBUG 16148 --- [nio-8080-exec-6] o.s.web.servlet.DispatcherServlet        : GET "/api/auth/me", parameters={}
2026-05-05T15:50:23.101+03:00 DEBUG 16148 --- [nio-8080-exec-6] s.w.s.m.m.a.RequestMappingHandlerMapping : Mapped to com.busgo.controller.AuthController#me(HttpServletRequest)
2026-05-05T15:50:23.125+03:00 DEBUG 16148 --- [nio-8080-exec-6] m.m.a.RequestResponseBodyMethodProcessor : Using 'application/json', given [*/*] and supported [application/json, application/*+json]
2026-05-05T15:50:23.127+03:00 DEBUG 16148 --- [nio-8080-exec-6] m.m.a.RequestResponseBodyMethodProcessor : Writing [UserDto[email=harunmukuss@gmail.com, username=harun resit müküs, role=user, demoBalance=5000.00, com (truncated)...]
2026-05-05T15:50:23.128+03:00 DEBUG 16148 --- [nio-8080-exec-6] o.s.web.servlet.DispatcherServlet        : Completed 200 OK
2026-05-05T15:50:23.136+03:00 DEBUG 16148 --- [nio-8080-exec-8] o.s.web.servlet.DispatcherServlet        : GET "/api/cities", parameters={}
2026-05-05T15:50:23.139+03:00 DEBUG 16148 --- [nio-8080-exec-8] s.w.s.m.m.a.RequestMappingHandlerMapping : Mapped to com.busgo.controller.CatalogController#listCities()
2026-05-05T15:50:23.155+03:00 DEBUG 16148 --- [nio-8080-exec-8] m.m.a.RequestResponseBodyMethodProcessor : Using 'application/json', given [*/*] and supported [application/json, application/*+json]
2026-05-05T15:50:23.155+03:00 DEBUG 16148 --- [nio-8080-exec-8] m.m.a.RequestResponseBodyMethodProcessor : Writing [[CityDto[id=093f3f3f-783f-4d3f-3f3f-3f3f3f3f3330, name=erzurum, countryCode=25], CityDto[id=1068713f (truncated)...]
2026-05-05T15:50:23.157+03:00 DEBUG 16148 --- [nio-8080-exec-8] o.s.web.servlet.DispatcherServlet        : Completed 200 OK
2026-05-05T15:50:23.166+03:00 DEBUG 16148 --- [nio-8080-exec-4] o.s.web.servlet.DispatcherServlet        : GET "/api/cities", parameters={}
2026-05-05T15:50:23.168+03:00 DEBUG 16148 --- [nio-8080-exec-4] s.w.s.m.m.a.RequestMappingHandlerMapping : Mapped to com.busgo.controller.CatalogController#listCities()
2026-05-05T15:50:23.175+03:00 DEBUG 16148 --- [nio-8080-exec-4] m.m.a.RequestResponseBodyMethodProcessor : Using 'application/json', given [*/*] and supported [application/json, application/*+json]
2026-05-05T15:50:23.175+03:00 DEBUG 16148 --- [nio-8080-exec-4] m.m.a.RequestResponseBodyMethodProcessor : Writing [[CityDto[id=093f3f3f-783f-4d3f-3f3f-3f3f3f3f3330, name=erzurum, countryCode=25], CityDto[id=1068713f (truncated)...]
2026-05-05T15:50:23.178+03:00 DEBUG 16148 --- [nio-8080-exec-4] o.s.web.servlet.DispatcherServlet        : Completed 200 OK
2026-05-05T15:50:34.960+03:00 DEBUG 16148 --- [io-8080-exec-10] o.s.web.servlet.DispatcherServlet        : GET "/api/auth/me", parameters={}
2026-05-05T15:50:34.960+03:00 DEBUG 16148 --- [io-8080-exec-10] s.w.s.m.m.a.RequestMappingHandlerMapping : Mapped to com.busgo.controller.AuthController#me(HttpServletRequest)
2026-05-05T15:50:34.975+03:00 DEBUG 16148 --- [io-8080-exec-10] m.m.a.RequestResponseBodyMethodProcessor : Using 'application/json', given [*/*] and supported [application/json, application/*+json]
2026-05-05T15:50:34.975+03:00 DEBUG 16148 --- [io-8080-exec-10] m.m.a.RequestResponseBodyMethodProcessor : Writing [UserDto[email=harunmukuss@gmail.com, username=harun resit müküs, role=user, demoBalance=5000.00, com (truncated)...]
2026-05-05T15:50:34.978+03:00 DEBUG 16148 --- [io-8080-exec-10] o.s.web.servlet.DispatcherServlet        : Completed 200 OK
2026-05-05T15:50:34.986+03:00 DEBUG 16148 --- [nio-8080-exec-1] o.s.web.servlet.DispatcherServlet        : GET "/api/trips?from=Ankara&to=Van&date=2026-06-12", parameters={masked}
2026-05-05T15:50:34.986+03:00 DEBUG 16148 --- [nio-8080-exec-1] s.w.s.m.m.a.RequestMappingHandlerMapping : Mapped to com.busgo.controller.TripController#searchTrips(String, String, String)
2026-05-05T15:50:35.006+03:00 DEBUG 16148 --- [nio-8080-exec-1] m.m.a.RequestResponseBodyMethodProcessor : Using 'application/json', given [*/*] and supported [application/json, application/*+json]
2026-05-05T15:50:35.006+03:00 DEBUG 16148 --- [nio-8080-exec-1] m.m.a.RequestResponseBodyMethodProcessor : Writing [[TripDto[id=c1ed8680-10ea-4528-a57b-2b3302886f2e, from=Ankara, to=Van, date=2026-06-12, company=VanG (truncated)...]
2026-05-05T15:50:35.006+03:00 DEBUG 16148 --- [nio-8080-exec-1] o.s.web.servlet.DispatcherServlet        : Completed 200 OK
2026-05-05T15:50:35.006+03:00 DEBUG 16148 --- [nio-8080-exec-5] o.s.web.servlet.DispatcherServlet        : GET "/api/cities", parameters={}
2026-05-05T15:50:35.006+03:00 DEBUG 16148 --- [nio-8080-exec-5] s.w.s.m.m.a.RequestMappingHandlerMapping : Mapped to com.busgo.controller.CatalogController#listCities()
2026-05-05T15:50:35.018+03:00 DEBUG 16148 --- [nio-8080-exec-5] m.m.a.RequestResponseBodyMethodProcessor : Using 'application/json', given [*/*] and supported [application/json, application/*+json]
2026-05-05T15:50:35.020+03:00 DEBUG 16148 --- [nio-8080-exec-5] m.m.a.RequestResponseBodyMethodProcessor : Writing [[CityDto[id=093f3f3f-783f-4d3f-3f3f-3f3f3f3f3330, name=erzurum, countryCode=25], CityDto[id=1068713f (truncated)...]
2026-05-05T15:50:35.020+03:00 DEBUG 16148 --- [nio-8080-exec-5] o.s.web.servlet.DispatcherServlet        : Completed 200 OK
2026-05-05T15:50:39.315+03:00 DEBUG 16148 --- [nio-8080-exec-3] o.s.web.servlet.DispatcherServlet        : GET "/api/auth/me", parameters={}
2026-05-05T15:50:39.319+03:00 DEBUG 16148 --- [nio-8080-exec-3] s.w.s.m.m.a.RequestMappingHandlerMapping : Mapped to com.busgo.controller.AuthController#me(HttpServletRequest)
2026-05-05T15:50:39.327+03:00 DEBUG 16148 --- [nio-8080-exec-3] m.m.a.RequestResponseBodyMethodProcessor : Using 'application/json', given [*/*] and supported [application/json, application/*+json]
2026-05-05T15:50:39.327+03:00 DEBUG 16148 --- [nio-8080-exec-3] m.m.a.RequestResponseBodyMethodProcessor : Writing [UserDto[email=harunmukuss@gmail.com, username=harun resit müküs, role=user, demoBalance=5000.00, com (truncated)...]
2026-05-05T15:50:39.329+03:00 DEBUG 16148 --- [nio-8080-exec-3] o.s.web.servlet.DispatcherServlet        : Completed 200 OK
2026-05-05T15:50:39.335+03:00 DEBUG 16148 --- [nio-8080-exec-2] o.s.web.servlet.DispatcherServlet        : GET "/api/cities", parameters={}
2026-05-05T15:50:39.337+03:00 DEBUG 16148 --- [nio-8080-exec-2] s.w.s.m.m.a.RequestMappingHandlerMapping : Mapped to com.busgo.controller.CatalogController#listCities()
2026-05-05T15:50:39.341+03:00 DEBUG 16148 --- [nio-8080-exec-2] m.m.a.RequestResponseBodyMethodProcessor : Using 'application/json', given [*/*] and supported [application/json, application/*+json]
2026-05-05T15:50:39.341+03:00 DEBUG 16148 --- [nio-8080-exec-2] m.m.a.RequestResponseBodyMethodProcessor : Writing [[CityDto[id=093f3f3f-783f-4d3f-3f3f-3f3f3f3f3330, name=erzurum, countryCode=25], CityDto[id=1068713f (truncated)...]
2026-05-05T15:50:39.341+03:00 DEBUG 16148 --- [nio-8080-exec-2] o.s.web.servlet.DispatcherServlet        : Completed 200 OK
2026-05-05T17:27:41.901+03:00  WARN 16148 --- [l-1 housekeeper] com.zaxxer.hikari.pool.HikariPool        : HikariPool-1 - Thread starvation or clock leap detected (housekeeper delta=1h34m17s346ms821µs900ns).
2026-05-05T17:46:39.653+03:00 DEBUG 16148 --- [nio-8080-exec-7] o.s.web.servlet.DispatcherServlet        : OPTIONS "/api/auth/me", parameters={}
2026-05-05T17:46:39.654+03:00 DEBUG 16148 --- [nio-8080-exec-7] s.w.s.m.m.a.RequestMappingHandlerMapping : Mapped to com.busgo.controller.AuthController#me(HttpServletRequest)
2026-05-05T17:46:39.655+03:00 DEBUG 16148 --- [nio-8080-exec-7] o.s.web.servlet.DispatcherServlet        : Completed 200 OK
2026-05-05T17:46:39.657+03:00 DEBUG 16148 --- [nio-8080-exec-6] o.s.web.servlet.DispatcherServlet        : GET "/api/auth/me", parameters={}
2026-05-05T17:46:39.658+03:00 DEBUG 16148 --- [nio-8080-exec-6] s.w.s.m.m.a.RequestMappingHandlerMapping : Mapped to com.busgo.controller.AuthController#me(HttpServletRequest)
2026-05-05T17:46:39.664+03:00 DEBUG 16148 --- [nio-8080-exec-6] m.m.a.RequestResponseBodyMethodProcessor : Using 'application/json', given [*/*] and supported [application/json, application/*+json]
2026-05-05T17:46:39.664+03:00 DEBUG 16148 --- [nio-8080-exec-6] m.m.a.RequestResponseBodyMethodProcessor : Writing [UserDto[email=harunmukuss@gmail.com, username=harun resit müküs, role=user, demoBalance=5000.00, com (truncated)...]
2026-05-05T17:46:39.666+03:00 DEBUG 16148 --- [nio-8080-exec-6] o.s.web.servlet.DispatcherServlet        : Completed 200 OK
2026-05-05T17:46:39.668+03:00 DEBUG 16148 --- [nio-8080-exec-8] o.s.web.servlet.DispatcherServlet        : OPTIONS "/api/trips/c1ed8680-10ea-4528-a57b-2b3302886f2e/seats", parameters={}
2026-05-05T17:46:39.670+03:00 DEBUG 16148 --- [nio-8080-exec-8] s.w.s.m.m.a.RequestMappingHandlerMapping : Mapped to com.busgo.controller.TripController#getOccupiedSeats(String)
2026-05-05T17:46:39.670+03:00 DEBUG 16148 --- [nio-8080-exec-8] o.s.web.servlet.DispatcherServlet        : Completed 200 OK
2026-05-05T17:46:39.674+03:00 DEBUG 16148 --- [nio-8080-exec-4] o.s.web.servlet.DispatcherServlet        : GET "/api/trips/c1ed8680-10ea-4528-a57b-2b3302886f2e/seats", parameters={}
2026-05-05T17:46:39.675+03:00 DEBUG 16148 --- [nio-8080-exec-4] s.w.s.m.m.a.RequestMappingHandlerMapping : Mapped to com.busgo.controller.TripController#getOccupiedSeats(String)
2026-05-05T17:46:39.695+03:00 DEBUG 16148 --- [nio-8080-exec-4] m.m.a.RequestResponseBodyMethodProcessor : Using 'application/json', given [*/*] and supported [application/json, application/*+json]
2026-05-05T17:46:39.695+03:00 DEBUG 16148 --- [nio-8080-exec-4] m.m.a.RequestResponseBodyMethodProcessor : Writing [[]]
2026-05-05T17:46:39.695+03:00 DEBUG 16148 --- [nio-8080-exec-4] o.s.web.servlet.DispatcherServlet        : Completed 200 OK
2026-05-05T17:46:39.704+03:00 DEBUG 16148 --- [io-8080-exec-10] o.s.web.servlet.DispatcherServlet        : OPTIONS "/api/cities", parameters={}
2026-05-05T17:46:39.705+03:00 DEBUG 16148 --- [io-8080-exec-10] s.w.s.m.m.a.RequestMappingHandlerMapping : Mapped to com.busgo.controller.CatalogController#listCities()
2026-05-05T17:46:39.705+03:00 DEBUG 16148 --- [io-8080-exec-10] o.s.web.servlet.DispatcherServlet        : Completed 200 OK
2026-05-05T17:46:39.707+03:00 DEBUG 16148 --- [nio-8080-exec-1] o.s.web.servlet.DispatcherServlet        : GET "/api/cities", parameters={}
2026-05-05T17:46:39.707+03:00 DEBUG 16148 --- [nio-8080-exec-1] s.w.s.m.m.a.RequestMappingHandlerMapping : Mapped to com.busgo.controller.CatalogController#listCities()
2026-05-05T17:46:39.712+03:00 DEBUG 16148 --- [nio-8080-exec-1] m.m.a.RequestResponseBodyMethodProcessor : Using 'application/json', given [*/*] and supported [application/json, application/*+json]
2026-05-05T17:46:39.712+03:00 DEBUG 16148 --- [nio-8080-exec-1] m.m.a.RequestResponseBodyMethodProcessor : Writing [[CityDto[id=093f3f3f-783f-4d3f-3f3f-3f3f3f3f3330, name=erzurum, countryCode=25], CityDto[id=1068713f (truncated)...]
2026-05-05T17:46:39.712+03:00 DEBUG 16148 --- [nio-8080-exec-1] o.s.web.servlet.DispatcherServlet        : Completed 200 OK
2026-05-05T17:50:56.897+03:00 DEBUG 16148 --- [nio-8080-exec-3] o.s.web.servlet.DispatcherServlet        : GET "/api/auth/me", parameters={}
2026-05-05T17:50:56.897+03:00 DEBUG 16148 --- [nio-8080-exec-3] s.w.s.m.m.a.RequestMappingHandlerMapping : Mapped to com.busgo.controller.AuthController#me(HttpServletRequest)
2026-05-05T17:50:56.902+03:00 DEBUG 16148 --- [nio-8080-exec-3] m.m.a.RequestResponseBodyMethodProcessor : Using 'application/json', given [*/*] and supported [application/json, application/*+json]
2026-05-05T17:50:56.902+03:00 DEBUG 16148 --- [nio-8080-exec-3] m.m.a.RequestResponseBodyMethodProcessor : Writing [UserDto[email=harunmukuss@gmail.com, username=harun resit müküs, role=user, demoBalance=5000.00, com (truncated)...]
2026-05-05T17:50:56.904+03:00 DEBUG 16148 --- [nio-8080-exec-3] o.s.web.servlet.DispatcherServlet        : Completed 200 OK
2026-05-05T17:50:56.906+03:00 DEBUG 16148 --- [nio-8080-exec-2] o.s.web.servlet.DispatcherServlet        : GET "/api/trips/c1ed8680-10ea-4528-a57b-2b3302886f2e/seats", parameters={}
2026-05-05T17:50:56.906+03:00 DEBUG 16148 --- [nio-8080-exec-2] s.w.s.m.m.a.RequestMappingHandlerMapping : Mapped to com.busgo.controller.TripController#getOccupiedSeats(String)
2026-05-05T17:50:56.912+03:00 DEBUG 16148 --- [nio-8080-exec-2] m.m.a.RequestResponseBodyMethodProcessor : Using 'application/json', given [*/*] and supported [application/json, application/*+json]
2026-05-05T17:50:56.912+03:00 DEBUG 16148 --- [nio-8080-exec-2] m.m.a.RequestResponseBodyMethodProcessor : Writing [[]]
2026-05-05T17:50:56.913+03:00 DEBUG 16148 --- [nio-8080-exec-2] o.s.web.servlet.DispatcherServlet        : Completed 200 OK
2026-05-05T17:50:56.917+03:00 DEBUG 16148 --- [nio-8080-exec-9] o.s.web.servlet.DispatcherServlet        : GET "/api/cities", parameters={}
2026-05-05T17:50:56.917+03:00 DEBUG 16148 --- [nio-8080-exec-9] s.w.s.m.m.a.RequestMappingHandlerMapping : Mapped to com.busgo.controller.CatalogController#listCities()
2026-05-05T17:50:56.923+03:00 DEBUG 16148 --- [nio-8080-exec-9] m.m.a.RequestResponseBodyMethodProcessor : Using 'application/json', given [*/*] and supported [application/json, application/*+json]
2026-05-05T17:50:56.924+03:00 DEBUG 16148 --- [nio-8080-exec-9] m.m.a.RequestResponseBodyMethodProcessor : Writing [[CityDto[id=093f3f3f-783f-4d3f-3f3f-3f3f3f3f3330, name=erzurum, countryCode=25], CityDto[id=1068713f (truncated)...]
2026-05-05T17:50:56.924+03:00 DEBUG 16148 --- [nio-8080-exec-9] o.s.web.servlet.DispatcherServlet        : Completed 200 OK
2026-05-05T17:52:38.154+03:00 DEBUG 16148 --- [nio-8080-exec-6] o.s.web.servlet.DispatcherServlet        : OPTIONS "/api/trips?from=Ankara&to=Van&date=2026-06-12", parameters={masked}
2026-05-05T17:52:38.154+03:00 DEBUG 16148 --- [nio-8080-exec-6] s.w.s.m.m.a.RequestMappingHandlerMapping : Mapped to com.busgo.controller.TripController#searchTrips(String, String, String)
2026-05-05T17:52:38.155+03:00 DEBUG 16148 --- [nio-8080-exec-6] o.s.web.servlet.DispatcherServlet        : Completed 200 OK
2026-05-05T17:52:38.158+03:00 DEBUG 16148 --- [nio-8080-exec-8] o.s.web.servlet.DispatcherServlet        : GET "/api/trips?from=Ankara&to=Van&date=2026-06-12", parameters={masked}
2026-05-05T17:52:38.159+03:00 DEBUG 16148 --- [nio-8080-exec-8] s.w.s.m.m.a.RequestMappingHandlerMapping : Mapped to com.busgo.controller.TripController#searchTrips(String, String, String)
2026-05-05T17:52:38.170+03:00 DEBUG 16148 --- [nio-8080-exec-8] m.m.a.RequestResponseBodyMethodProcessor : Using 'application/json', given [*/*] and supported [application/json, application/*+json]
2026-05-05T17:52:38.170+03:00 DEBUG 16148 --- [nio-8080-exec-8] m.m.a.RequestResponseBodyMethodProcessor : Writing [[TripDto[id=c1ed8680-10ea-4528-a57b-2b3302886f2e, from=Ankara, to=Van, date=2026-06-12, company=VanG (truncated)...]
2026-05-05T17:52:38.172+03:00 DEBUG 16148 --- [nio-8080-exec-8] o.s.web.servlet.DispatcherServlet        : Completed 200 OK
2026-05-05T17:52:38.174+03:00 DEBUG 16148 --- [nio-8080-exec-4] o.s.web.servlet.DispatcherServlet        : GET "/api/cities", parameters={}
2026-05-05T17:52:38.174+03:00 DEBUG 16148 --- [nio-8080-exec-4] s.w.s.m.m.a.RequestMappingHandlerMapping : Mapped to com.busgo.controller.CatalogController#listCities()
2026-05-05T17:52:38.179+03:00 DEBUG 16148 --- [nio-8080-exec-4] m.m.a.RequestResponseBodyMethodProcessor : Using 'application/json', given [*/*] and supported [application/json, application/*+json]
2026-05-05T17:52:38.180+03:00 DEBUG 16148 --- [nio-8080-exec-4] m.m.a.RequestResponseBodyMethodProcessor : Writing [[CityDto[id=093f3f3f-783f-4d3f-3f3f-3f3f3f3f3330, name=erzurum, countryCode=25], CityDto[id=1068713f (truncated)...]
2026-05-05T17:52:38.181+03:00 DEBUG 16148 --- [nio-8080-exec-4] o.s.web.servlet.DispatcherServlet        : Completed 200 OK
2026-05-05T17:52:41.470+03:00 DEBUG 16148 --- [io-8080-exec-10] o.s.web.servlet.DispatcherServlet        : GET "/api/cities", parameters={}
2026-05-05T17:52:41.471+03:00 DEBUG 16148 --- [io-8080-exec-10] s.w.s.m.m.a.RequestMappingHandlerMapping : Mapped to com.busgo.controller.CatalogController#listCities()
2026-05-05T17:52:41.475+03:00 DEBUG 16148 --- [io-8080-exec-10] m.m.a.RequestResponseBodyMethodProcessor : Using 'application/json', given [*/*] and supported [application/json, application/*+json]
2026-05-05T17:52:41.476+03:00 DEBUG 16148 --- [io-8080-exec-10] m.m.a.RequestResponseBodyMethodProcessor : Writing [[CityDto[id=093f3f3f-783f-4d3f-3f3f-3f3f3f3f3330, name=erzurum, countryCode=25], CityDto[id=1068713f (truncated)...]
2026-05-05T17:52:41.477+03:00 DEBUG 16148 --- [io-8080-exec-10] o.s.web.servlet.DispatcherServlet        : Completed 200 OK
2026-05-05T17:52:41.480+03:00 DEBUG 16148 --- [nio-8080-exec-1] o.s.web.servlet.DispatcherServlet        : GET "/api/cities", parameters={}
2026-05-05T17:52:41.480+03:00 DEBUG 16148 --- [nio-8080-exec-1] s.w.s.m.m.a.RequestMappingHandlerMapping : Mapped to com.busgo.controller.CatalogController#listCities()
2026-05-05T17:52:41.482+03:00 DEBUG 16148 --- [nio-8080-exec-1] m.m.a.RequestResponseBodyMethodProcessor : Using 'application/json', given [*/*] and supported [application/json, application/*+json]
2026-05-05T17:52:41.482+03:00 DEBUG 16148 --- [nio-8080-exec-1] m.m.a.RequestResponseBodyMethodProcessor : Writing [[CityDto[id=093f3f3f-783f-4d3f-3f3f-3f3f3f3f3330, name=erzurum, countryCode=25], CityDto[id=1068713f (truncated)...]
2026-05-05T17:52:41.482+03:00 DEBUG 16148 --- [nio-8080-exec-1] o.s.web.servlet.DispatcherServlet        : Completed 200 OK
2026-05-05T17:53:48.088+03:00 DEBUG 16148 --- [nio-8080-exec-3] o.s.web.servlet.DispatcherServlet        : OPTIONS "/api/auth/logout", parameters={}
2026-05-05T17:53:48.089+03:00 DEBUG 16148 --- [nio-8080-exec-3] s.w.s.m.m.a.RequestMappingHandlerMapping : Mapped to com.busgo.controller.AuthController#logout(HttpServletRequest)
2026-05-05T17:53:48.089+03:00 DEBUG 16148 --- [nio-8080-exec-3] o.s.web.servlet.DispatcherServlet        : Completed 200 OK
2026-05-05T17:53:48.091+03:00 DEBUG 16148 --- [nio-8080-exec-2] o.s.web.servlet.DispatcherServlet        : POST "/api/auth/logout", parameters={}
2026-05-05T17:53:48.091+03:00 DEBUG 16148 --- [nio-8080-exec-2] s.w.s.m.m.a.RequestMappingHandlerMapping : Mapped to com.busgo.controller.AuthController#logout(HttpServletRequest)
2026-05-05T17:53:48.102+03:00 DEBUG 16148 --- [nio-8080-exec-2] o.s.w.s.m.m.a.HttpEntityMethodProcessor  : Using 'application/json', given [*/*] and supported [application/json, application/*+json]
2026-05-05T17:53:48.102+03:00 DEBUG 16148 --- [nio-8080-exec-2] o.s.w.s.m.m.a.HttpEntityMethodProcessor  : Nothing to write: null body
2026-05-05T17:53:48.102+03:00 DEBUG 16148 --- [nio-8080-exec-2] o.s.web.servlet.DispatcherServlet        : Completed 204 NO_CONTENT
2026-05-05T17:53:48.842+03:00 DEBUG 16148 --- [nio-8080-exec-9] o.s.web.servlet.DispatcherServlet        : GET "/api/cities", parameters={}
2026-05-05T17:53:48.844+03:00 DEBUG 16148 --- [nio-8080-exec-9] s.w.s.m.m.a.RequestMappingHandlerMapping : Mapped to com.busgo.controller.CatalogController#listCities()
2026-05-05T17:53:48.849+03:00 DEBUG 16148 --- [nio-8080-exec-9] m.m.a.RequestResponseBodyMethodProcessor : Using 'application/json', given [*/*] and supported [application/json, application/*+json]
2026-05-05T17:53:48.849+03:00 DEBUG 16148 --- [nio-8080-exec-9] m.m.a.RequestResponseBodyMethodProcessor : Writing [[CityDto[id=093f3f3f-783f-4d3f-3f3f-3f3f3f3f3330, name=erzurum, countryCode=25], CityDto[id=1068713f (truncated)...]
2026-05-05T17:53:48.849+03:00 DEBUG 16148 --- [nio-8080-exec-9] o.s.web.servlet.DispatcherServlet        : Completed 200 OK
2026-05-05T17:53:48.855+03:00 DEBUG 16148 --- [nio-8080-exec-7] o.s.web.servlet.DispatcherServlet        : GET "/api/cities", parameters={}
2026-05-05T17:53:48.855+03:00 DEBUG 16148 --- [nio-8080-exec-7] s.w.s.m.m.a.RequestMappingHandlerMapping : Mapped to com.busgo.controller.CatalogController#listCities()
2026-05-05T17:53:48.859+03:00 DEBUG 16148 --- [nio-8080-exec-7] m.m.a.RequestResponseBodyMethodProcessor : Using 'application/json', given [*/*] and supported [application/json, application/*+json]
2026-05-05T17:53:48.860+03:00 DEBUG 16148 --- [nio-8080-exec-7] m.m.a.RequestResponseBodyMethodProcessor : Writing [[CityDto[id=093f3f3f-783f-4d3f-3f3f-3f3f3f3f3330, name=erzurum, countryCode=25], CityDto[id=1068713f (truncated)...]
2026-05-05T17:53:48.861+03:00 DEBUG 16148 --- [nio-8080-exec-7] o.s.web.servlet.DispatcherServlet        : Completed 200 OK
2026-05-05T17:54:10.849+03:00 DEBUG 16148 --- [nio-8080-exec-6] o.s.web.servlet.DispatcherServlet        : OPTIONS "/api/auth/login", parameters={}
2026-05-05T17:54:10.849+03:00 DEBUG 16148 --- [nio-8080-exec-6] s.w.s.m.m.a.RequestMappingHandlerMapping : Mapped to com.busgo.controller.AuthController#login(LoginRequest)
2026-05-05T17:54:10.849+03:00 DEBUG 16148 --- [nio-8080-exec-6] o.s.web.servlet.DispatcherServlet        : Completed 200 OK
2026-05-05T17:54:10.849+03:00 DEBUG 16148 --- [nio-8080-exec-8] o.s.web.servlet.DispatcherServlet        : POST "/api/auth/login", parameters={}
2026-05-05T17:54:10.849+03:00 DEBUG 16148 --- [nio-8080-exec-8] s.w.s.m.m.a.RequestMappingHandlerMapping : Mapped to com.busgo.controller.AuthController#login(LoginRequest)
2026-05-05T17:54:10.849+03:00 DEBUG 16148 --- [nio-8080-exec-8] m.m.a.RequestResponseBodyMethodProcessor : Read "application/json;charset=UTF-8" to [LoginRequest[email=admin@busgo.com, password=1234, role=admin]]
2026-05-05T17:54:10.958+03:00 DEBUG 16148 --- [nio-8080-exec-8] m.m.a.RequestResponseBodyMethodProcessor : Using 'application/json', given [*/*] and supported [application/json, application/*+json]
2026-05-05T17:54:10.958+03:00 DEBUG 16148 --- [nio-8080-exec-8] m.m.a.RequestResponseBodyMethodProcessor : Writing [AuthResponse[token=4894f20b-62e6-4509-97f6-8c0311368af6, user=UserDto[email=admin@busgo.com, usernam (truncated)...]
2026-05-05T17:54:10.958+03:00 DEBUG 16148 --- [nio-8080-exec-8] o.s.web.servlet.DispatcherServlet        : Completed 200 OK
2026-05-05T17:54:11.692+03:00 DEBUG 16148 --- [nio-8080-exec-4] o.s.web.servlet.DispatcherServlet        : GET "/api/auth/me", parameters={}
2026-05-05T17:54:11.693+03:00 DEBUG 16148 --- [nio-8080-exec-4] s.w.s.m.m.a.RequestMappingHandlerMapping : Mapped to com.busgo.controller.AuthController#me(HttpServletRequest)
2026-05-05T17:54:11.697+03:00 DEBUG 16148 --- [nio-8080-exec-4] m.m.a.RequestResponseBodyMethodProcessor : Using 'application/json', given [*/*] and supported [application/json, application/*+json]
2026-05-05T17:54:11.697+03:00 DEBUG 16148 --- [nio-8080-exec-4] m.m.a.RequestResponseBodyMethodProcessor : Writing [UserDto[email=admin@busgo.com, username=BusGo Admin, role=admin, demoBalance=5000.00, companyName=nu (truncated)...]
2026-05-05T17:54:11.698+03:00 DEBUG 16148 --- [nio-8080-exec-4] o.s.web.servlet.DispatcherServlet        : Completed 200 OK
2026-05-05T17:54:11.701+03:00 DEBUG 16148 --- [io-8080-exec-10] o.s.web.servlet.DispatcherServlet        : OPTIONS "/api/admin/cities", parameters={}
2026-05-05T17:54:11.701+03:00 DEBUG 16148 --- [io-8080-exec-10] s.w.s.m.m.a.RequestMappingHandlerMapping : Mapped to com.busgo.controller.AdminController#listCities(HttpServletRequest)
2026-05-05T17:54:11.701+03:00 DEBUG 16148 --- [io-8080-exec-10] o.s.web.servlet.DispatcherServlet        : Completed 200 OK
2026-05-05T17:54:11.701+03:00 DEBUG 16148 --- [nio-8080-exec-1] o.s.web.servlet.DispatcherServlet        : GET "/api/admin/cities", parameters={}
2026-05-05T17:54:11.701+03:00 DEBUG 16148 --- [nio-8080-exec-1] s.w.s.m.m.a.RequestMappingHandlerMapping : Mapped to com.busgo.controller.AdminController#listCities(HttpServletRequest)
2026-05-05T17:54:11.709+03:00 DEBUG 16148 --- [nio-8080-exec-1] m.m.a.RequestResponseBodyMethodProcessor : Using 'application/json', given [*/*] and supported [application/json, application/*+json]
2026-05-05T17:54:11.712+03:00 DEBUG 16148 --- [nio-8080-exec-1] m.m.a.RequestResponseBodyMethodProcessor : Writing [[CityDto[id=093f3f3f-783f-4d3f-3f3f-3f3f3f3f3330, name=erzurum, countryCode=25], CityDto[id=1068713f (truncated)...]
2026-05-05T17:54:11.712+03:00 DEBUG 16148 --- [nio-8080-exec-1] o.s.web.servlet.DispatcherServlet        : Completed 200 OK
2026-05-05T17:54:11.715+03:00 DEBUG 16148 --- [nio-8080-exec-5] o.s.web.servlet.DispatcherServlet        : OPTIONS "/api/admin/companies", parameters={}
2026-05-05T17:54:11.716+03:00 DEBUG 16148 --- [nio-8080-exec-5] s.w.s.m.m.a.RequestMappingHandlerMapping : Mapped to com.busgo.controller.AdminController#listCompanies(HttpServletRequest)
2026-05-05T17:54:11.716+03:00 DEBUG 16148 --- [nio-8080-exec-5] o.s.web.servlet.DispatcherServlet        : Completed 200 OK
2026-05-05T17:54:11.718+03:00 DEBUG 16148 --- [nio-8080-exec-3] o.s.web.servlet.DispatcherServlet        : GET "/api/admin/companies", parameters={}
2026-05-05T17:54:11.718+03:00 DEBUG 16148 --- [nio-8080-exec-3] s.w.s.m.m.a.RequestMappingHandlerMapping : Mapped to com.busgo.controller.AdminController#listCompanies(HttpServletRequest)
2026-05-05T17:54:11.725+03:00 DEBUG 16148 --- [nio-8080-exec-3] m.m.a.RequestResponseBodyMethodProcessor : Using 'application/json', given [*/*] and supported [application/json, application/*+json]
2026-05-05T17:54:11.725+03:00 DEBUG 16148 --- [nio-8080-exec-3] m.m.a.RequestResponseBodyMethodProcessor : Writing [[CompanyDto[id=3f3f3f2e-6b7e-4b3f-3f3f-3f441070591f, name=VanG??l??Seyahat, phone=5550000001, email= (truncated)...]
2026-05-05T17:54:11.726+03:00 DEBUG 16148 --- [nio-8080-exec-3] o.s.web.servlet.DispatcherServlet        : Completed 200 OK
2026-05-05T17:54:11.728+03:00 DEBUG 16148 --- [nio-8080-exec-2] o.s.web.servlet.DispatcherServlet        : OPTIONS "/api/admin/trips", parameters={}
2026-05-05T17:54:11.728+03:00 DEBUG 16148 --- [nio-8080-exec-2] s.w.s.m.m.a.RequestMappingHandlerMapping : Mapped to com.busgo.controller.AdminController#listTrips(HttpServletRequest)
2026-05-05T17:54:11.728+03:00 DEBUG 16148 --- [nio-8080-exec-2] o.s.web.servlet.DispatcherServlet        : Completed 200 OK
2026-05-05T17:54:11.728+03:00 DEBUG 16148 --- [nio-8080-exec-9] o.s.web.servlet.DispatcherServlet        : GET "/api/admin/trips", parameters={}
2026-05-05T17:54:11.728+03:00 DEBUG 16148 --- [nio-8080-exec-9] s.w.s.m.m.a.RequestMappingHandlerMapping : Mapped to com.busgo.controller.AdminController#listTrips(HttpServletRequest)
2026-05-05T17:54:11.741+03:00 DEBUG 16148 --- [nio-8080-exec-9] m.m.a.RequestResponseBodyMethodProcessor : Using 'application/json', given [*/*] and supported [application/json, application/*+json]
2026-05-05T17:54:11.741+03:00 DEBUG 16148 --- [nio-8080-exec-9] m.m.a.RequestResponseBodyMethodProcessor : Writing [[TripDto[id=3c1d181a-2846-4f3f-3f3f-10611c3f2004, from=??stanbul, to=sivas, date=2026-04-18, company (truncated)...]
2026-05-05T17:54:11.741+03:00 DEBUG 16148 --- [nio-8080-exec-9] o.s.web.servlet.DispatcherServlet        : Completed 200 OK
2026-05-05T17:54:11.750+03:00 DEBUG 16148 --- [nio-8080-exec-7] o.s.web.servlet.DispatcherServlet        : OPTIONS "/api/admin/tickets", parameters={}
2026-05-05T17:54:11.750+03:00 DEBUG 16148 --- [nio-8080-exec-7] s.w.s.m.m.a.RequestMappingHandlerMapping : Mapped to com.busgo.controller.AdminController#listAllTickets(HttpServletRequest)
2026-05-05T17:54:11.750+03:00 DEBUG 16148 --- [nio-8080-exec-7] o.s.web.servlet.DispatcherServlet        : Completed 200 OK
2026-05-05T17:54:11.750+03:00 DEBUG 16148 --- [nio-8080-exec-6] o.s.web.servlet.DispatcherServlet        : GET "/api/admin/tickets", parameters={}
2026-05-05T17:54:11.750+03:00 DEBUG 16148 --- [nio-8080-exec-6] s.w.s.m.m.a.RequestMappingHandlerMapping : Mapped to com.busgo.controller.AdminController#listAllTickets(HttpServletRequest)
2026-05-05T17:54:11.763+03:00 DEBUG 16148 --- [nio-8080-exec-6] m.m.a.RequestResponseBodyMethodProcessor : Using 'application/json', given [*/*] and supported [application/json, application/*+json]
2026-05-05T17:54:11.763+03:00 DEBUG 16148 --- [nio-8080-exec-6] m.m.a.RequestResponseBodyMethodProcessor : Writing [[TicketDto[id=ac9f2873-319b-4d62-ade8-c0d1e6d77dbf, userEmail=sy@gmail.com, userName=sudenaz, from=e (truncated)...]
2026-05-05T17:54:11.763+03:00 DEBUG 16148 --- [nio-8080-exec-6] o.s.web.servlet.DispatcherServlet        : Completed 200 OK
2026-05-05T17:55:15.323+03:00 DEBUG 16148 --- [nio-8080-exec-4] o.s.web.servlet.DispatcherServlet        : POST "/api/admin/cities", parameters={}
2026-05-05T17:55:15.323+03:00 DEBUG 16148 --- [nio-8080-exec-4] s.w.s.m.m.a.RequestMappingHandlerMapping : Mapped to com.busgo.controller.AdminController#createCity(CityRequest, HttpServletRequest)
2026-05-05T17:55:15.334+03:00 DEBUG 16148 --- [nio-8080-exec-4] m.m.a.RequestResponseBodyMethodProcessor : Read "application/json;charset=UTF-8" to [CityRequest[name=<script>alert('XSS')</script>, countryCode=]]
2026-05-05T17:55:15.357+03:00 DEBUG 16148 --- [nio-8080-exec-4] m.m.a.RequestResponseBodyMethodProcessor : Using 'application/json', given [*/*] and supported [application/json, application/*+json]
2026-05-05T17:55:15.357+03:00 DEBUG 16148 --- [nio-8080-exec-4] m.m.a.RequestResponseBodyMethodProcessor : Writing [CityDto[id=e78d0f7a-20f5-4490-b654-7dd2607aaaaf, name=<script>alert('XSS')</script>, countryCode=nul (truncated)...]
2026-05-05T17:55:15.357+03:00 DEBUG 16148 --- [nio-8080-exec-4] o.s.web.servlet.DispatcherServlet        : Completed 200 OK
2026-05-05T17:55:15.362+03:00 DEBUG 16148 --- [io-8080-exec-10] o.s.web.servlet.DispatcherServlet        : GET "/api/admin/cities", parameters={}
2026-05-05T17:55:15.363+03:00 DEBUG 16148 --- [io-8080-exec-10] s.w.s.m.m.a.RequestMappingHandlerMapping : Mapped to com.busgo.controller.AdminController#listCities(HttpServletRequest)
2026-05-05T17:55:15.368+03:00 DEBUG 16148 --- [io-8080-exec-10] m.m.a.RequestResponseBodyMethodProcessor : Using 'application/json', given [*/*] and supported [application/json, application/*+json]
2026-05-05T17:55:15.368+03:00 DEBUG 16148 --- [io-8080-exec-10] m.m.a.RequestResponseBodyMethodProcessor : Writing [[CityDto[id=093f3f3f-783f-4d3f-3f3f-3f3f3f3f3330, name=erzurum, countryCode=25], CityDto[id=1068713f (truncated)...]
2026-05-05T17:55:15.368+03:00 DEBUG 16148 --- [io-8080-exec-10] o.s.web.servlet.DispatcherServlet        : Completed 200 OK
2026-05-05T17:55:15.368+03:00 DEBUG 16148 --- [nio-8080-exec-1] o.s.web.servlet.DispatcherServlet        : GET "/api/admin/companies", parameters={}
2026-05-05T17:55:15.368+03:00 DEBUG 16148 --- [nio-8080-exec-1] s.w.s.m.m.a.RequestMappingHandlerMapping : Mapped to com.busgo.controller.AdminController#listCompanies(HttpServletRequest)
2026-05-05T17:55:15.377+03:00 DEBUG 16148 --- [nio-8080-exec-1] m.m.a.RequestResponseBodyMethodProcessor : Using 'application/json', given [*/*] and supported [application/json, application/*+json]
2026-05-05T17:55:15.377+03:00 DEBUG 16148 --- [nio-8080-exec-1] m.m.a.RequestResponseBodyMethodProcessor : Writing [[CompanyDto[id=3f3f3f2e-6b7e-4b3f-3f3f-3f441070591f, name=VanG??l??Seyahat, phone=5550000001, email= (truncated)...]
2026-05-05T17:55:15.377+03:00 DEBUG 16148 --- [nio-8080-exec-1] o.s.web.servlet.DispatcherServlet        : Completed 200 OK
2026-05-05T17:55:15.383+03:00 DEBUG 16148 --- [nio-8080-exec-5] o.s.web.servlet.DispatcherServlet        : GET "/api/admin/trips", parameters={}
2026-05-05T17:55:15.384+03:00 DEBUG 16148 --- [nio-8080-exec-5] s.w.s.m.m.a.RequestMappingHandlerMapping : Mapped to com.busgo.controller.AdminController#listTrips(HttpServletRequest)
2026-05-05T17:55:15.396+03:00 DEBUG 16148 --- [nio-8080-exec-5] m.m.a.RequestResponseBodyMethodProcessor : Using 'application/json', given [*/*] and supported [application/json, application/*+json]
2026-05-05T17:55:15.396+03:00 DEBUG 16148 --- [nio-8080-exec-5] m.m.a.RequestResponseBodyMethodProcessor : Writing [[TripDto[id=3c1d181a-2846-4f3f-3f3f-10611c3f2004, from=??stanbul, to=sivas, date=2026-04-18, company (truncated)...]
2026-05-05T17:55:15.396+03:00 DEBUG 16148 --- [nio-8080-exec-5] o.s.web.servlet.DispatcherServlet        : Completed 200 OK
2026-05-05T17:55:15.396+03:00 DEBUG 16148 --- [nio-8080-exec-3] o.s.web.servlet.DispatcherServlet        : GET "/api/admin/tickets", parameters={}
2026-05-05T17:55:15.396+03:00 DEBUG 16148 --- [nio-8080-exec-3] s.w.s.m.m.a.RequestMappingHandlerMapping : Mapped to com.busgo.controller.AdminController#listAllTickets(HttpServletRequest)
2026-05-05T17:55:15.406+03:00 DEBUG 16148 --- [nio-8080-exec-3] m.m.a.RequestResponseBodyMethodProcessor : Using 'application/json', given [*/*] and supported [application/json, application/*+json]
2026-05-05T17:55:15.406+03:00 DEBUG 16148 --- [nio-8080-exec-3] m.m.a.RequestResponseBodyMethodProcessor : Writing [[TicketDto[id=ac9f2873-319b-4d62-ade8-c0d1e6d77dbf, userEmail=sy@gmail.com, userName=sudenaz, from=e (truncated)...]
2026-05-05T17:55:15.410+03:00 DEBUG 16148 --- [nio-8080-exec-3] o.s.web.servlet.DispatcherServlet        : Completed 200 OK
2026-05-05T17:57:16.792+03:00 DEBUG 16148 --- [nio-8080-exec-9] o.s.web.servlet.DispatcherServlet        : GET "/api/auth/me", parameters={}
2026-05-05T17:57:16.792+03:00 DEBUG 16148 --- [nio-8080-exec-9] s.w.s.m.m.a.RequestMappingHandlerMapping : Mapped to com.busgo.controller.AuthController#me(HttpServletRequest)
2026-05-05T17:57:16.797+03:00 DEBUG 16148 --- [nio-8080-exec-9] m.m.a.RequestResponseBodyMethodProcessor : Using 'application/json', given [*/*] and supported [application/json, application/*+json]
2026-05-05T17:57:16.798+03:00 DEBUG 16148 --- [nio-8080-exec-9] m.m.a.RequestResponseBodyMethodProcessor : Writing [UserDto[email=admin@busgo.com, username=BusGo Admin, role=admin, demoBalance=5000.00, companyName=nu (truncated)...]
2026-05-05T17:57:16.798+03:00 DEBUG 16148 --- [nio-8080-exec-9] o.s.web.servlet.DispatcherServlet        : Completed 200 OK
2026-05-05T17:57:16.802+03:00 DEBUG 16148 --- [nio-8080-exec-7] o.s.web.servlet.DispatcherServlet        : GET "/api/cities", parameters={}
2026-05-05T17:57:16.802+03:00 DEBUG 16148 --- [nio-8080-exec-7] s.w.s.m.m.a.RequestMappingHandlerMapping : Mapped to com.busgo.controller.CatalogController#listCities()
2026-05-05T17:57:16.806+03:00 DEBUG 16148 --- [nio-8080-exec-7] m.m.a.RequestResponseBodyMethodProcessor : Using 'application/json', given [*/*] and supported [application/json, application/*+json]
2026-05-05T17:57:16.806+03:00 DEBUG 16148 --- [nio-8080-exec-7] m.m.a.RequestResponseBodyMethodProcessor : Writing [[CityDto[id=093f3f3f-783f-4d3f-3f3f-3f3f3f3f3330, name=erzurum, countryCode=25], CityDto[id=1068713f (truncated)...]
2026-05-05T17:57:16.806+03:00 DEBUG 16148 --- [nio-8080-exec-7] o.s.web.servlet.DispatcherServlet        : Completed 200 OK
2026-05-05T18:03:27.856+03:00 DEBUG 16148 --- [nio-8080-exec-8] o.s.web.servlet.DispatcherServlet        : POST "/api/auth/logout", parameters={}
2026-05-05T18:03:27.856+03:00 DEBUG 16148 --- [nio-8080-exec-8] s.w.s.m.m.a.RequestMappingHandlerMapping : Mapped to com.busgo.controller.AuthController#logout(HttpServletRequest)
2026-05-05T18:03:27.868+03:00 DEBUG 16148 --- [nio-8080-exec-8] o.s.w.s.m.m.a.HttpEntityMethodProcessor  : Using 'application/json', given [*/*] and supported [application/json, application/*+json]
2026-05-05T18:03:27.868+03:00 DEBUG 16148 --- [nio-8080-exec-8] o.s.w.s.m.m.a.HttpEntityMethodProcessor  : Nothing to write: null body
2026-05-05T18:03:27.868+03:00 DEBUG 16148 --- [nio-8080-exec-8] o.s.web.servlet.DispatcherServlet        : Completed 204 NO_CONTENT
2026-05-05T18:03:28.602+03:00 DEBUG 16148 --- [nio-8080-exec-4] o.s.web.servlet.DispatcherServlet        : GET "/api/cities", parameters={}
2026-05-05T18:03:28.603+03:00 DEBUG 16148 --- [nio-8080-exec-4] s.w.s.m.m.a.RequestMappingHandlerMapping : Mapped to com.busgo.controller.CatalogController#listCities()
2026-05-05T18:03:28.608+03:00 DEBUG 16148 --- [nio-8080-exec-4] m.m.a.RequestResponseBodyMethodProcessor : Using 'application/json', given [*/*] and supported [application/json, application/*+json]
2026-05-05T18:03:28.609+03:00 DEBUG 16148 --- [nio-8080-exec-4] m.m.a.RequestResponseBodyMethodProcessor : Writing [[CityDto[id=093f3f3f-783f-4d3f-3f3f-3f3f3f3f3330, name=erzurum, countryCode=25], CityDto[id=1068713f (truncated)...]
2026-05-05T18:03:28.610+03:00 DEBUG 16148 --- [nio-8080-exec-4] o.s.web.servlet.DispatcherServlet        : Completed 200 OK
2026-05-05T18:03:28.613+03:00 DEBUG 16148 --- [io-8080-exec-10] o.s.web.servlet.DispatcherServlet        : GET "/api/cities", parameters={}
2026-05-05T18:03:28.613+03:00 DEBUG 16148 --- [io-8080-exec-10] s.w.s.m.m.a.RequestMappingHandlerMapping : Mapped to com.busgo.controller.CatalogController#listCities()
2026-05-05T18:03:28.618+03:00 DEBUG 16148 --- [io-8080-exec-10] m.m.a.RequestResponseBodyMethodProcessor : Using 'application/json', given [*/*] and supported [application/json, application/*+json]
2026-05-05T18:03:28.618+03:00 DEBUG 16148 --- [io-8080-exec-10] m.m.a.RequestResponseBodyMethodProcessor : Writing [[CityDto[id=093f3f3f-783f-4d3f-3f3f-3f3f3f3f3330, name=erzurum, countryCode=25], CityDto[id=1068713f (truncated)...]
2026-05-05T18:03:28.619+03:00 DEBUG 16148 --- [io-8080-exec-10] o.s.web.servlet.DispatcherServlet        : Completed 200 OK
2026-05-05T18:03:30.642+03:00 DEBUG 16148 --- [nio-8080-exec-1] o.s.web.servlet.DispatcherServlet        : GET "/api/cities", parameters={}
2026-05-05T18:03:30.642+03:00 DEBUG 16148 --- [nio-8080-exec-1] s.w.s.m.m.a.RequestMappingHandlerMapping : Mapped to com.busgo.controller.CatalogController#listCities()
2026-05-05T18:03:30.645+03:00 DEBUG 16148 --- [nio-8080-exec-1] m.m.a.RequestResponseBodyMethodProcessor : Using 'application/json', given [*/*] and supported [application/json, application/*+json]
2026-05-05T18:03:30.647+03:00 DEBUG 16148 --- [nio-8080-exec-1] m.m.a.RequestResponseBodyMethodProcessor : Writing [[CityDto[id=093f3f3f-783f-4d3f-3f3f-3f3f3f3f3330, name=erzurum, countryCode=25], CityDto[id=1068713f (truncated)...]
2026-05-05T18:03:30.647+03:00 DEBUG 16148 --- [nio-8080-exec-1] o.s.web.servlet.DispatcherServlet        : Completed 200 OK
2026-05-05T18:05:16.873+03:00 DEBUG 16148 --- [nio-8080-exec-3] o.s.web.servlet.DispatcherServlet        : OPTIONS "/api/auth/register", parameters={}
2026-05-05T18:05:16.874+03:00 DEBUG 16148 --- [nio-8080-exec-3] s.w.s.m.m.a.RequestMappingHandlerMapping : Mapped to com.busgo.controller.AuthController#register(RegisterRequest)
2026-05-05T18:05:16.874+03:00 DEBUG 16148 --- [nio-8080-exec-3] o.s.web.servlet.DispatcherServlet        : Completed 200 OK
2026-05-05T18:05:16.877+03:00 DEBUG 16148 --- [nio-8080-exec-2] o.s.web.servlet.DispatcherServlet        : POST "/api/auth/register", parameters={}
2026-05-05T18:05:16.877+03:00 DEBUG 16148 --- [nio-8080-exec-2] s.w.s.m.m.a.RequestMappingHandlerMapping : Mapped to com.busgo.controller.AuthController#register(RegisterRequest)
2026-05-05T18:05:16.877+03:00 DEBUG 16148 --- [nio-8080-exec-2] m.m.a.RequestResponseBodyMethodProcessor : Read "application/json;charset=UTF-8" to [RegisterRequest[username=<script>alert('XSS')</script>, email=test@test.com, password=123456]]
2026-05-05T18:05:16.988+03:00 DEBUG 16148 --- [nio-8080-exec-2] o.s.w.s.m.m.a.HttpEntityMethodProcessor  : Using 'application/json', given [*/*] and supported [application/json, application/*+json]
2026-05-05T18:05:16.988+03:00 DEBUG 16148 --- [nio-8080-exec-2] o.s.w.s.m.m.a.HttpEntityMethodProcessor  : Writing [AuthResponse[token=072ad02b-3411-4528-a171-d26e3e84e53c, user=UserDto[email=test@test.com, username= (truncated)...]
2026-05-05T18:05:16.988+03:00 DEBUG 16148 --- [nio-8080-exec-2] o.s.web.servlet.DispatcherServlet        : Completed 201 CREATED
2026-05-05T18:05:17.820+03:00 DEBUG 16148 --- [nio-8080-exec-9] o.s.web.servlet.DispatcherServlet        : GET "/api/auth/me", parameters={}
2026-05-05T18:05:17.821+03:00 DEBUG 16148 --- [nio-8080-exec-9] s.w.s.m.m.a.RequestMappingHandlerMapping : Mapped to com.busgo.controller.AuthController#me(HttpServletRequest)
2026-05-05T18:05:17.827+03:00 DEBUG 16148 --- [nio-8080-exec-9] m.m.a.RequestResponseBodyMethodProcessor : Using 'application/json', given [*/*] and supported [application/json, application/*+json]
2026-05-05T18:05:17.828+03:00 DEBUG 16148 --- [nio-8080-exec-9] m.m.a.RequestResponseBodyMethodProcessor : Writing [UserDto[email=test@test.com, username=<script>alert('XSS')</script>, role=user, demoBalance=5000.00, (truncated)...]
2026-05-05T18:05:17.829+03:00 DEBUG 16148 --- [nio-8080-exec-9] o.s.web.servlet.DispatcherServlet        : Completed 200 OK
2026-05-05T18:05:17.833+03:00 DEBUG 16148 --- [nio-8080-exec-7] o.s.web.servlet.DispatcherServlet        : GET "/api/cities", parameters={}
2026-05-05T18:05:17.834+03:00 DEBUG 16148 --- [nio-8080-exec-7] s.w.s.m.m.a.RequestMappingHandlerMapping : Mapped to com.busgo.controller.CatalogController#listCities()
2026-05-05T18:05:17.838+03:00 DEBUG 16148 --- [nio-8080-exec-7] m.m.a.RequestResponseBodyMethodProcessor : Using 'application/json', given [*/*] and supported [application/json, application/*+json]
2026-05-05T18:05:17.838+03:00 DEBUG 16148 --- [nio-8080-exec-7] m.m.a.RequestResponseBodyMethodProcessor : Writing [[CityDto[id=093f3f3f-783f-4d3f-3f3f-3f3f3f3f3330, name=erzurum, countryCode=25], CityDto[id=1068713f (truncated)...]
2026-05-05T18:05:17.842+03:00 DEBUG 16148 --- [nio-8080-exec-7] o.s.web.servlet.DispatcherServlet        : Completed 200 OK
2026-05-05T18:05:17.845+03:00 DEBUG 16148 --- [nio-8080-exec-6] o.s.web.servlet.DispatcherServlet        : GET "/api/cities", parameters={}
2026-05-05T18:05:17.845+03:00 DEBUG 16148 --- [nio-8080-exec-6] s.w.s.m.m.a.RequestMappingHandlerMapping : Mapped to com.busgo.controller.CatalogController#listCities()
2026-05-05T18:05:17.849+03:00 DEBUG 16148 --- [nio-8080-exec-6] m.m.a.RequestResponseBodyMethodProcessor : Using 'application/json', given [*/*] and supported [application/json, application/*+json]
2026-05-05T18:05:17.850+03:00 DEBUG 16148 --- [nio-8080-exec-6] m.m.a.RequestResponseBodyMethodProcessor : Writing [[CityDto[id=093f3f3f-783f-4d3f-3f3f-3f3f3f3f3330, name=erzurum, countryCode=25], CityDto[id=1068713f (truncated)...]
2026-05-05T18:05:17.850+03:00 DEBUG 16148 --- [nio-8080-exec-6] o.s.web.servlet.DispatcherServlet        : Completed 200 OK
2026-05-05T18:14:15.537+03:00 DEBUG 16148 --- [nio-8080-exec-4] o.s.web.servlet.DispatcherServlet        : GET "/api/auth/me", parameters={}
2026-05-05T18:14:15.537+03:00 DEBUG 16148 --- [nio-8080-exec-4] s.w.s.m.m.a.RequestMappingHandlerMapping : Mapped to com.busgo.controller.AuthController#me(HttpServletRequest)
2026-05-05T18:14:15.542+03:00 DEBUG 16148 --- [nio-8080-exec-4] m.m.a.RequestResponseBodyMethodProcessor : Using 'application/json', given [*/*] and supported [application/json, application/*+json]
2026-05-05T18:14:15.543+03:00 DEBUG 16148 --- [nio-8080-exec-4] m.m.a.RequestResponseBodyMethodProcessor : Writing [UserDto[email=test@test.com, username=<script>alert('XSS')</script>, role=user, demoBalance=5000.00, (truncated)...]
2026-05-05T18:14:15.544+03:00 DEBUG 16148 --- [nio-8080-exec-4] o.s.web.servlet.DispatcherServlet        : Completed 200 OK
2026-05-05T18:14:15.565+03:00 DEBUG 16148 --- [io-8080-exec-10] o.s.web.servlet.DispatcherServlet        : GET "/api/trips?from=Ankara&to=Van&date=2026-06-12", parameters={masked}
2026-05-05T18:14:15.566+03:00 DEBUG 16148 --- [io-8080-exec-10] s.w.s.m.m.a.RequestMappingHandlerMapping : Mapped to com.busgo.controller.TripController#searchTrips(String, String, String)
2026-05-05T18:14:15.578+03:00 DEBUG 16148 --- [io-8080-exec-10] m.m.a.RequestResponseBodyMethodProcessor : Using 'application/json', given [*/*] and supported [application/json, application/*+json]
2026-05-05T18:14:15.579+03:00 DEBUG 16148 --- [io-8080-exec-10] m.m.a.RequestResponseBodyMethodProcessor : Writing [[TripDto[id=c1ed8680-10ea-4528-a57b-2b3302886f2e, from=Ankara, to=Van, date=2026-06-12, company=VanG (truncated)...]
2026-05-05T18:14:15.579+03:00 DEBUG 16148 --- [io-8080-exec-10] o.s.web.servlet.DispatcherServlet        : Completed 200 OK
2026-05-05T18:14:15.579+03:00 DEBUG 16148 --- [nio-8080-exec-1] o.s.web.servlet.DispatcherServlet        : GET "/api/cities", parameters={}
2026-05-05T18:14:15.579+03:00 DEBUG 16148 --- [nio-8080-exec-1] s.w.s.m.m.a.RequestMappingHandlerMapping : Mapped to com.busgo.controller.CatalogController#listCities()
2026-05-05T18:14:15.587+03:00 DEBUG 16148 --- [nio-8080-exec-1] m.m.a.RequestResponseBodyMethodProcessor : Using 'application/json', given [*/*] and supported [application/json, application/*+json]
2026-05-05T18:14:15.587+03:00 DEBUG 16148 --- [nio-8080-exec-1] m.m.a.RequestResponseBodyMethodProcessor : Writing [[CityDto[id=093f3f3f-783f-4d3f-3f3f-3f3f3f3f3330, name=erzurum, countryCode=25], CityDto[id=1068713f (truncated)...]
2026-05-05T18:14:15.588+03:00 DEBUG 16148 --- [nio-8080-exec-1] o.s.web.servlet.DispatcherServlet        : Completed 200 OK
2026-05-05T18:22:10.668+03:00 DEBUG 16148 --- [nio-8080-exec-3] o.s.web.servlet.DispatcherServlet        : GET "/api/auth/me", parameters={}
2026-05-05T18:22:10.668+03:00 DEBUG 16148 --- [nio-8080-exec-3] s.w.s.m.m.a.RequestMappingHandlerMapping : Mapped to com.busgo.controller.AuthController#me(HttpServletRequest)
2026-05-05T18:22:10.673+03:00 DEBUG 16148 --- [nio-8080-exec-3] m.m.a.RequestResponseBodyMethodProcessor : Using 'application/json', given [*/*] and supported [application/json, application/*+json]
2026-05-05T18:22:10.673+03:00 DEBUG 16148 --- [nio-8080-exec-3] m.m.a.RequestResponseBodyMethodProcessor : Writing [UserDto[email=test@test.com, username=<script>alert('XSS')</script>, role=user, demoBalance=5000.00, (truncated)...]
2026-05-05T18:22:10.673+03:00 DEBUG 16148 --- [nio-8080-exec-3] o.s.web.servlet.DispatcherServlet        : Completed 200 OK
2026-05-05T18:22:10.684+03:00 DEBUG 16148 --- [nio-8080-exec-2] o.s.web.servlet.DispatcherServlet        : GET "/api/cities", parameters={}
2026-05-05T18:22:10.685+03:00 DEBUG 16148 --- [nio-8080-exec-2] s.w.s.m.m.a.RequestMappingHandlerMapping : Mapped to com.busgo.controller.CatalogController#listCities()
2026-05-05T18:22:10.691+03:00 DEBUG 16148 --- [nio-8080-exec-2] m.m.a.RequestResponseBodyMethodProcessor : Using 'application/json', given [*/*] and supported [application/json, application/*+json]
2026-05-05T18:22:10.693+03:00 DEBUG 16148 --- [nio-8080-exec-2] m.m.a.RequestResponseBodyMethodProcessor : Writing [[CityDto[id=093f3f3f-783f-4d3f-3f3f-3f3f3f3f3330, name=erzurum, countryCode=25], CityDto[id=1068713f (truncated)...]
2026-05-05T18:22:10.693+03:00 DEBUG 16148 --- [nio-8080-exec-2] o.s.web.servlet.DispatcherServlet        : Completed 200 OK
2026-05-05T18:22:10.701+03:00 DEBUG 16148 --- [nio-8080-exec-9] o.s.web.servlet.DispatcherServlet        : GET "/api/cities", parameters={}
2026-05-05T18:22:10.701+03:00 DEBUG 16148 --- [nio-8080-exec-9] s.w.s.m.m.a.RequestMappingHandlerMapping : Mapped to com.busgo.controller.CatalogController#listCities()
2026-05-05T18:22:10.706+03:00 DEBUG 16148 --- [nio-8080-exec-9] m.m.a.RequestResponseBodyMethodProcessor : Using 'application/json', given [*/*] and supported [application/json, application/*+json]
2026-05-05T18:22:10.706+03:00 DEBUG 16148 --- [nio-8080-exec-9] m.m.a.RequestResponseBodyMethodProcessor : Writing [[CityDto[id=093f3f3f-783f-4d3f-3f3f-3f3f3f3f3330, name=erzurum, countryCode=25], CityDto[id=1068713f (truncated)...]
2026-05-05T18:22:10.712+03:00 DEBUG 16148 --- [nio-8080-exec-9] o.s.web.servlet.DispatcherServlet        : Completed 200 OK
2026-05-05T18:23:41.374+03:00 DEBUG 16148 --- [nio-8080-exec-6] o.s.web.servlet.DispatcherServlet        : GET "/api/auth/me", parameters={}
2026-05-05T18:23:41.375+03:00 DEBUG 16148 --- [nio-8080-exec-6] s.w.s.m.m.a.RequestMappingHandlerMapping : Mapped to com.busgo.controller.AuthController#me(HttpServletRequest)
2026-05-05T18:23:41.380+03:00 DEBUG 16148 --- [nio-8080-exec-6] m.m.a.RequestResponseBodyMethodProcessor : Using 'application/json', given [*/*] and supported [application/json, application/*+json]
2026-05-05T18:23:41.380+03:00 DEBUG 16148 --- [nio-8080-exec-6] m.m.a.RequestResponseBodyMethodProcessor : Writing [UserDto[email=test@test.com, username=<script>alert('XSS')</script>, role=user, demoBalance=5000.00, (truncated)...]
2026-05-05T18:23:41.381+03:00 DEBUG 16148 --- [nio-8080-exec-6] o.s.web.servlet.DispatcherServlet        : Completed 200 OK
2026-05-05T18:23:41.384+03:00 DEBUG 16148 --- [nio-8080-exec-8] o.s.web.servlet.DispatcherServlet        : OPTIONS "/api/tickets/me", parameters={}
2026-05-05T18:23:41.384+03:00 DEBUG 16148 --- [nio-8080-exec-8] s.w.s.m.m.a.RequestMappingHandlerMapping : Mapped to com.busgo.controller.BookingController#listMyTickets(HttpServletRequest)
2026-05-05T18:23:41.385+03:00 DEBUG 16148 --- [nio-8080-exec-8] o.s.web.servlet.DispatcherServlet        : Completed 200 OK
2026-05-05T18:23:41.386+03:00 DEBUG 16148 --- [nio-8080-exec-4] o.s.web.servlet.DispatcherServlet        : GET "/api/tickets/me", parameters={}
2026-05-05T18:23:41.387+03:00 DEBUG 16148 --- [nio-8080-exec-4] s.w.s.m.m.a.RequestMappingHandlerMapping : Mapped to com.busgo.controller.BookingController#listMyTickets(HttpServletRequest)
2026-05-05T18:23:41.393+03:00 DEBUG 16148 --- [nio-8080-exec-4] m.m.a.RequestResponseBodyMethodProcessor : Using 'application/json', given [*/*] and supported [application/json, application/*+json]
2026-05-05T18:23:41.394+03:00 DEBUG 16148 --- [nio-8080-exec-4] m.m.a.RequestResponseBodyMethodProcessor : Writing [[]]
2026-05-05T18:23:41.395+03:00 DEBUG 16148 --- [nio-8080-exec-4] o.s.web.servlet.DispatcherServlet        : Completed 200 OK
2026-05-05T18:23:41.397+03:00 DEBUG 16148 --- [io-8080-exec-10] o.s.web.servlet.DispatcherServlet        : GET "/api/cities", parameters={}
2026-05-05T18:23:41.398+03:00 DEBUG 16148 --- [io-8080-exec-10] s.w.s.m.m.a.RequestMappingHandlerMapping : Mapped to com.busgo.controller.CatalogController#listCities()
2026-05-05T18:23:41.401+03:00 DEBUG 16148 --- [io-8080-exec-10] m.m.a.RequestResponseBodyMethodProcessor : Using 'application/json', given [*/*] and supported [application/json, application/*+json]
2026-05-05T18:23:41.402+03:00 DEBUG 16148 --- [io-8080-exec-10] m.m.a.RequestResponseBodyMethodProcessor : Writing [[CityDto[id=093f3f3f-783f-4d3f-3f3f-3f3f3f3f3330, name=erzurum, countryCode=25], CityDto[id=1068713f (truncated)...]
2026-05-05T18:23:41.403+03:00 DEBUG 16148 --- [io-8080-exec-10] o.s.web.servlet.DispatcherServlet        : Completed 200 OK
2026-05-05T18:23:53.306+03:00 DEBUG 16148 --- [nio-8080-exec-1] o.s.web.servlet.DispatcherServlet        : POST "/api/auth/logout", parameters={}
2026-05-05T18:23:53.306+03:00 DEBUG 16148 --- [nio-8080-exec-1] s.w.s.m.m.a.RequestMappingHandlerMapping : Mapped to com.busgo.controller.AuthController#logout(HttpServletRequest)
2026-05-05T18:23:53.319+03:00 DEBUG 16148 --- [nio-8080-exec-1] o.s.w.s.m.m.a.HttpEntityMethodProcessor  : Using 'application/json', given [*/*] and supported [application/json, application/*+json]
2026-05-05T18:23:53.320+03:00 DEBUG 16148 --- [nio-8080-exec-1] o.s.w.s.m.m.a.HttpEntityMethodProcessor  : Nothing to write: null body
2026-05-05T18:23:53.322+03:00 DEBUG 16148 --- [nio-8080-exec-1] o.s.web.servlet.DispatcherServlet        : Completed 204 NO_CONTENT
2026-05-05T18:23:54.051+03:00 DEBUG 16148 --- [nio-8080-exec-5] o.s.web.servlet.DispatcherServlet        : GET "/api/cities", parameters={}
2026-05-05T18:23:54.051+03:00 DEBUG 16148 --- [nio-8080-exec-5] s.w.s.m.m.a.RequestMappingHandlerMapping : Mapped to com.busgo.controller.CatalogController#listCities()
2026-05-05T18:23:54.065+03:00 DEBUG 16148 --- [nio-8080-exec-5] m.m.a.RequestResponseBodyMethodProcessor : Using 'application/json', given [*/*] and supported [application/json, application/*+json]
2026-05-05T18:23:54.066+03:00 DEBUG 16148 --- [nio-8080-exec-5] m.m.a.RequestResponseBodyMethodProcessor : Writing [[CityDto[id=093f3f3f-783f-4d3f-3f3f-3f3f3f3f3330, name=erzurum, countryCode=25], CityDto[id=1068713f (truncated)...]
2026-05-05T18:23:54.067+03:00 DEBUG 16148 --- [nio-8080-exec-5] o.s.web.servlet.DispatcherServlet        : Completed 200 OK
2026-05-05T18:23:54.088+03:00 DEBUG 16148 --- [nio-8080-exec-3] o.s.web.servlet.DispatcherServlet        : GET "/api/cities", parameters={}
2026-05-05T18:23:54.091+03:00 DEBUG 16148 --- [nio-8080-exec-3] s.w.s.m.m.a.RequestMappingHandlerMapping : Mapped to com.busgo.controller.CatalogController#listCities()
2026-05-05T18:23:54.094+03:00 DEBUG 16148 --- [nio-8080-exec-3] m.m.a.RequestResponseBodyMethodProcessor : Using 'application/json', given [*/*] and supported [application/json, application/*+json]
2026-05-05T18:23:54.094+03:00 DEBUG 16148 --- [nio-8080-exec-3] m.m.a.RequestResponseBodyMethodProcessor : Writing [[CityDto[id=093f3f3f-783f-4d3f-3f3f-3f3f3f3f3330, name=erzurum, countryCode=25], CityDto[id=1068713f (truncated)...]
2026-05-05T18:23:54.094+03:00 DEBUG 16148 --- [nio-8080-exec-3] o.s.web.servlet.DispatcherServlet        : Completed 200 OK
2026-05-05T18:23:56.781+03:00 DEBUG 16148 --- [nio-8080-exec-2] o.s.web.servlet.DispatcherServlet        : GET "/api/cities", parameters={}
2026-05-05T18:23:56.783+03:00 DEBUG 16148 --- [nio-8080-exec-2] s.w.s.m.m.a.RequestMappingHandlerMapping : Mapped to com.busgo.controller.CatalogController#listCities()
2026-05-05T18:23:56.787+03:00 DEBUG 16148 --- [nio-8080-exec-2] m.m.a.RequestResponseBodyMethodProcessor : Using 'application/json', given [*/*] and supported [application/json, application/*+json]
2026-05-05T18:23:56.787+03:00 DEBUG 16148 --- [nio-8080-exec-2] m.m.a.RequestResponseBodyMethodProcessor : Writing [[CityDto[id=093f3f3f-783f-4d3f-3f3f-3f3f3f3f3330, name=erzurum, countryCode=25], CityDto[id=1068713f (truncated)...]
2026-05-05T18:23:56.787+03:00 DEBUG 16148 --- [nio-8080-exec-2] o.s.web.servlet.DispatcherServlet        : Completed 200 OK
2026-05-05T18:24:12.862+03:00 DEBUG 16148 --- [nio-8080-exec-9] o.s.web.servlet.DispatcherServlet        : POST "/api/auth/login", parameters={}
2026-05-05T18:24:12.862+03:00 DEBUG 16148 --- [nio-8080-exec-9] s.w.s.m.m.a.RequestMappingHandlerMapping : Mapped to com.busgo.controller.AuthController#login(LoginRequest)
2026-05-05T18:24:12.862+03:00 DEBUG 16148 --- [nio-8080-exec-9] m.m.a.RequestResponseBodyMethodProcessor : Read "application/json;charset=UTF-8" to [LoginRequest[email=admin@busgo.com, password=1234, role=admin]]
2026-05-05T18:24:12.955+03:00 DEBUG 16148 --- [nio-8080-exec-9] m.m.a.RequestResponseBodyMethodProcessor : Using 'application/json', given [*/*] and supported [application/json, application/*+json]
2026-05-05T18:24:12.970+03:00 DEBUG 16148 --- [nio-8080-exec-9] m.m.a.RequestResponseBodyMethodProcessor : Writing [AuthResponse[token=af9596c3-dbee-4b42-b1dc-17587b57f3e4, user=UserDto[email=admin@busgo.com, usernam (truncated)...]
2026-05-05T18:24:12.972+03:00 DEBUG 16148 --- [nio-8080-exec-9] o.s.web.servlet.DispatcherServlet        : Completed 200 OK
2026-05-05T18:24:13.708+03:00 DEBUG 16148 --- [nio-8080-exec-7] o.s.web.servlet.DispatcherServlet        : GET "/api/auth/me", parameters={}
2026-05-05T18:24:13.708+03:00 DEBUG 16148 --- [nio-8080-exec-7] s.w.s.m.m.a.RequestMappingHandlerMapping : Mapped to com.busgo.controller.AuthController#me(HttpServletRequest)
2026-05-05T18:24:13.712+03:00 DEBUG 16148 --- [nio-8080-exec-7] m.m.a.RequestResponseBodyMethodProcessor : Using 'application/json', given [*/*] and supported [application/json, application/*+json]
2026-05-05T18:24:13.713+03:00 DEBUG 16148 --- [nio-8080-exec-7] m.m.a.RequestResponseBodyMethodProcessor : Writing [UserDto[email=admin@busgo.com, username=BusGo Admin, role=admin, demoBalance=5000.00, companyName=nu (truncated)...]
2026-05-05T18:24:13.713+03:00 DEBUG 16148 --- [nio-8080-exec-7] o.s.web.servlet.DispatcherServlet        : Completed 200 OK
2026-05-05T18:24:13.717+03:00 DEBUG 16148 --- [nio-8080-exec-6] o.s.web.servlet.DispatcherServlet        : GET "/api/admin/cities", parameters={}
2026-05-05T18:24:13.717+03:00 DEBUG 16148 --- [nio-8080-exec-6] s.w.s.m.m.a.RequestMappingHandlerMapping : Mapped to com.busgo.controller.AdminController#listCities(HttpServletRequest)
2026-05-05T18:24:13.723+03:00 DEBUG 16148 --- [nio-8080-exec-6] m.m.a.RequestResponseBodyMethodProcessor : Using 'application/json', given [*/*] and supported [application/json, application/*+json]
2026-05-05T18:24:13.724+03:00 DEBUG 16148 --- [nio-8080-exec-6] m.m.a.RequestResponseBodyMethodProcessor : Writing [[CityDto[id=093f3f3f-783f-4d3f-3f3f-3f3f3f3f3330, name=erzurum, countryCode=25], CityDto[id=1068713f (truncated)...]
2026-05-05T18:24:13.724+03:00 DEBUG 16148 --- [nio-8080-exec-6] o.s.web.servlet.DispatcherServlet        : Completed 200 OK
2026-05-05T18:24:13.724+03:00 DEBUG 16148 --- [nio-8080-exec-8] o.s.web.servlet.DispatcherServlet        : GET "/api/admin/companies", parameters={}
2026-05-05T18:24:13.724+03:00 DEBUG 16148 --- [nio-8080-exec-8] s.w.s.m.m.a.RequestMappingHandlerMapping : Mapped to com.busgo.controller.AdminController#listCompanies(HttpServletRequest)
2026-05-05T18:24:13.734+03:00 DEBUG 16148 --- [nio-8080-exec-8] m.m.a.RequestResponseBodyMethodProcessor : Using 'application/json', given [*/*] and supported [application/json, application/*+json]
2026-05-05T18:24:13.735+03:00 DEBUG 16148 --- [nio-8080-exec-8] m.m.a.RequestResponseBodyMethodProcessor : Writing [[CompanyDto[id=3f3f3f2e-6b7e-4b3f-3f3f-3f441070591f, name=VanG??l??Seyahat, phone=5550000001, email= (truncated)...]
2026-05-05T18:24:13.735+03:00 DEBUG 16148 --- [nio-8080-exec-8] o.s.web.servlet.DispatcherServlet        : Completed 200 OK
2026-05-05T18:24:13.739+03:00 DEBUG 16148 --- [nio-8080-exec-4] o.s.web.servlet.DispatcherServlet        : GET "/api/admin/trips", parameters={}
2026-05-05T18:24:13.739+03:00 DEBUG 16148 --- [nio-8080-exec-4] s.w.s.m.m.a.RequestMappingHandlerMapping : Mapped to com.busgo.controller.AdminController#listTrips(HttpServletRequest)
2026-05-05T18:24:13.745+03:00 DEBUG 16148 --- [nio-8080-exec-4] m.m.a.RequestResponseBodyMethodProcessor : Using 'application/json', given [*/*] and supported [application/json, application/*+json]
2026-05-05T18:24:13.745+03:00 DEBUG 16148 --- [nio-8080-exec-4] m.m.a.RequestResponseBodyMethodProcessor : Writing [[TripDto[id=3c1d181a-2846-4f3f-3f3f-10611c3f2004, from=??stanbul, to=sivas, date=2026-04-18, company (truncated)...]
2026-05-05T18:24:13.751+03:00 DEBUG 16148 --- [nio-8080-exec-4] o.s.web.servlet.DispatcherServlet        : Completed 200 OK
2026-05-05T18:24:13.753+03:00 DEBUG 16148 --- [io-8080-exec-10] o.s.web.servlet.DispatcherServlet        : GET "/api/admin/tickets", parameters={}
2026-05-05T18:24:13.753+03:00 DEBUG 16148 --- [io-8080-exec-10] s.w.s.m.m.a.RequestMappingHandlerMapping : Mapped to com.busgo.controller.AdminController#listAllTickets(HttpServletRequest)
2026-05-05T18:24:13.764+03:00 DEBUG 16148 --- [io-8080-exec-10] m.m.a.RequestResponseBodyMethodProcessor : Using 'application/json', given [*/*] and supported [application/json, application/*+json]
2026-05-05T18:24:13.765+03:00 DEBUG 16148 --- [io-8080-exec-10] m.m.a.RequestResponseBodyMethodProcessor : Writing [[TicketDto[id=ac9f2873-319b-4d62-ade8-c0d1e6d77dbf, userEmail=sy@gmail.com, userName=sudenaz, from=e (truncated)...]
2026-05-05T18:24:13.765+03:00 DEBUG 16148 --- [io-8080-exec-10] o.s.web.servlet.DispatcherServlet        : Completed 200 OK
2026-05-05T18:24:51.669+03:00 DEBUG 16148 --- [nio-8080-exec-1] o.s.web.servlet.DispatcherServlet        : GET "/api/auth/me", parameters={}
2026-05-05T18:24:51.670+03:00 DEBUG 16148 --- [nio-8080-exec-1] s.w.s.m.m.a.RequestMappingHandlerMapping : Mapped to com.busgo.controller.AuthController#me(HttpServletRequest)
2026-05-05T18:24:51.674+03:00 DEBUG 16148 --- [nio-8080-exec-1] m.m.a.RequestResponseBodyMethodProcessor : Using 'application/json', given [*/*] and supported [application/json, application/*+json]
2026-05-05T18:24:51.675+03:00 DEBUG 16148 --- [nio-8080-exec-1] m.m.a.RequestResponseBodyMethodProcessor : Writing [UserDto[email=admin@busgo.com, username=BusGo Admin, role=admin, demoBalance=5000.00, companyName=nu (truncated)...]
2026-05-05T18:24:51.675+03:00 DEBUG 16148 --- [nio-8080-exec-1] o.s.web.servlet.DispatcherServlet        : Completed 200 OK
2026-05-05T18:24:51.716+03:00 DEBUG 16148 --- [nio-8080-exec-5] o.s.web.servlet.DispatcherServlet        : GET "/api/admin/cities", parameters={}
2026-05-05T18:24:51.716+03:00 DEBUG 16148 --- [nio-8080-exec-5] s.w.s.m.m.a.RequestMappingHandlerMapping : Mapped to com.busgo.controller.AdminController#listCities(HttpServletRequest)
2026-05-05T18:24:51.723+03:00 DEBUG 16148 --- [nio-8080-exec-5] m.m.a.RequestResponseBodyMethodProcessor : Using 'application/json', given [*/*] and supported [application/json, application/*+json]
2026-05-05T18:24:51.723+03:00 DEBUG 16148 --- [nio-8080-exec-5] m.m.a.RequestResponseBodyMethodProcessor : Writing [[CityDto[id=093f3f3f-783f-4d3f-3f3f-3f3f3f3f3330, name=erzurum, countryCode=25], CityDto[id=1068713f (truncated)...]
2026-05-05T18:24:51.723+03:00 DEBUG 16148 --- [nio-8080-exec-5] o.s.web.servlet.DispatcherServlet        : Completed 200 OK
2026-05-05T18:24:51.729+03:00 DEBUG 16148 --- [nio-8080-exec-3] o.s.web.servlet.DispatcherServlet        : GET "/api/admin/companies", parameters={}
2026-05-05T18:24:51.729+03:00 DEBUG 16148 --- [nio-8080-exec-3] s.w.s.m.m.a.RequestMappingHandlerMapping : Mapped to com.busgo.controller.AdminController#listCompanies(HttpServletRequest)
2026-05-05T18:24:51.737+03:00 DEBUG 16148 --- [nio-8080-exec-3] m.m.a.RequestResponseBodyMethodProcessor : Using 'application/json', given [*/*] and supported [application/json, application/*+json]
2026-05-05T18:24:51.737+03:00 DEBUG 16148 --- [nio-8080-exec-3] m.m.a.RequestResponseBodyMethodProcessor : Writing [[CompanyDto[id=3f3f3f2e-6b7e-4b3f-3f3f-3f441070591f, name=VanG??l??Seyahat, phone=5550000001, email= (truncated)...]
2026-05-05T18:24:51.739+03:00 DEBUG 16148 --- [nio-8080-exec-3] o.s.web.servlet.DispatcherServlet        : Completed 200 OK
2026-05-05T18:24:51.744+03:00 DEBUG 16148 --- [nio-8080-exec-2] o.s.web.servlet.DispatcherServlet        : GET "/api/admin/trips", parameters={}
2026-05-05T18:24:51.744+03:00 DEBUG 16148 --- [nio-8080-exec-2] s.w.s.m.m.a.RequestMappingHandlerMapping : Mapped to com.busgo.controller.AdminController#listTrips(HttpServletRequest)
2026-05-05T18:24:51.759+03:00 DEBUG 16148 --- [nio-8080-exec-2] m.m.a.RequestResponseBodyMethodProcessor : Using 'application/json', given [*/*] and supported [application/json, application/*+json]
2026-05-05T18:24:51.759+03:00 DEBUG 16148 --- [nio-8080-exec-2] m.m.a.RequestResponseBodyMethodProcessor : Writing [[TripDto[id=3c1d181a-2846-4f3f-3f3f-10611c3f2004, from=??stanbul, to=sivas, date=2026-04-18, company (truncated)...]
2026-05-05T18:24:51.759+03:00 DEBUG 16148 --- [nio-8080-exec-2] o.s.web.servlet.DispatcherServlet        : Completed 200 OK
2026-05-05T18:24:51.759+03:00 DEBUG 16148 --- [nio-8080-exec-9] o.s.web.servlet.DispatcherServlet        : GET "/api/admin/tickets", parameters={}
2026-05-05T18:24:51.759+03:00 DEBUG 16148 --- [nio-8080-exec-9] s.w.s.m.m.a.RequestMappingHandlerMapping : Mapped to com.busgo.controller.AdminController#listAllTickets(HttpServletRequest)
2026-05-05T18:24:51.773+03:00 DEBUG 16148 --- [nio-8080-exec-9] m.m.a.RequestResponseBodyMethodProcessor : Using 'application/json', given [*/*] and supported [application/json, application/*+json]
2026-05-05T18:24:51.773+03:00 DEBUG 16148 --- [nio-8080-exec-9] m.m.a.RequestResponseBodyMethodProcessor : Writing [[TicketDto[id=ac9f2873-319b-4d62-ade8-c0d1e6d77dbf, userEmail=sy@gmail.com, userName=sudenaz, from=e (truncated)...]
2026-05-05T18:24:51.773+03:00 DEBUG 16148 --- [nio-8080-exec-9] o.s.web.servlet.DispatcherServlet        : Completed 200 OK
2026-05-05T18:24:58.254+03:00 DEBUG 16148 --- [nio-8080-exec-7] o.s.web.servlet.DispatcherServlet        : OPTIONS "/api/admin/cities/e78d0f7a-20f5-4490-b654-7dd2607aaaaf", parameters={}
2026-05-05T18:24:58.255+03:00 DEBUG 16148 --- [nio-8080-exec-7] s.w.s.m.m.a.RequestMappingHandlerMapping : Mapped to com.busgo.controller.AdminController#deleteCity(String, HttpServletRequest)
2026-05-05T18:24:58.256+03:00 DEBUG 16148 --- [nio-8080-exec-7] o.s.web.servlet.DispatcherServlet        : Completed 200 OK
2026-05-05T18:24:58.257+03:00 DEBUG 16148 --- [nio-8080-exec-6] o.s.web.servlet.DispatcherServlet        : DELETE "/api/admin/cities/e78d0f7a-20f5-4490-b654-7dd2607aaaaf", parameters={}
2026-05-05T18:24:58.258+03:00 DEBUG 16148 --- [nio-8080-exec-6] s.w.s.m.m.a.RequestMappingHandlerMapping : Mapped to com.busgo.controller.AdminController#deleteCity(String, HttpServletRequest)
2026-05-05T18:24:58.567+03:00 DEBUG 16148 --- [nio-8080-exec-6] o.s.w.s.m.m.a.HttpEntityMethodProcessor  : Using 'application/json', given [*/*] and supported [application/json, application/*+json]
2026-05-05T18:24:58.567+03:00 DEBUG 16148 --- [nio-8080-exec-6] o.s.w.s.m.m.a.HttpEntityMethodProcessor  : Nothing to write: null body
2026-05-05T18:24:58.567+03:00 DEBUG 16148 --- [nio-8080-exec-6] o.s.web.servlet.DispatcherServlet        : Completed 204 NO_CONTENT
2026-05-05T18:24:58.571+03:00 DEBUG 16148 --- [nio-8080-exec-8] o.s.web.servlet.DispatcherServlet        : GET "/api/admin/cities", parameters={}
2026-05-05T18:24:58.571+03:00 DEBUG 16148 --- [nio-8080-exec-8] s.w.s.m.m.a.RequestMappingHandlerMapping : Mapped to com.busgo.controller.AdminController#listCities(HttpServletRequest)
2026-05-05T18:24:58.577+03:00 DEBUG 16148 --- [nio-8080-exec-8] m.m.a.RequestResponseBodyMethodProcessor : Using 'application/json', given [*/*] and supported [application/json, application/*+json]
2026-05-05T18:24:58.578+03:00 DEBUG 16148 --- [nio-8080-exec-8] m.m.a.RequestResponseBodyMethodProcessor : Writing [[CityDto[id=093f3f3f-783f-4d3f-3f3f-3f3f3f3f3330, name=erzurum, countryCode=25], CityDto[id=1068713f (truncated)...]
2026-05-05T18:24:58.579+03:00 DEBUG 16148 --- [nio-8080-exec-8] o.s.web.servlet.DispatcherServlet        : Completed 200 OK
2026-05-05T18:24:58.579+03:00 DEBUG 16148 --- [nio-8080-exec-4] o.s.web.servlet.DispatcherServlet        : GET "/api/admin/companies", parameters={}
2026-05-05T18:24:58.581+03:00 DEBUG 16148 --- [nio-8080-exec-4] s.w.s.m.m.a.RequestMappingHandlerMapping : Mapped to com.busgo.controller.AdminController#listCompanies(HttpServletRequest)
2026-05-05T18:24:58.585+03:00 DEBUG 16148 --- [nio-8080-exec-4] m.m.a.RequestResponseBodyMethodProcessor : Using 'application/json', given [*/*] and supported [application/json, application/*+json]
2026-05-05T18:24:58.585+03:00 DEBUG 16148 --- [nio-8080-exec-4] m.m.a.RequestResponseBodyMethodProcessor : Writing [[CompanyDto[id=3f3f3f2e-6b7e-4b3f-3f3f-3f441070591f, name=VanG??l??Seyahat, phone=5550000001, email= (truncated)...]
2026-05-05T18:24:58.585+03:00 DEBUG 16148 --- [nio-8080-exec-4] o.s.web.servlet.DispatcherServlet        : Completed 200 OK
2026-05-05T18:24:58.590+03:00 DEBUG 16148 --- [io-8080-exec-10] o.s.web.servlet.DispatcherServlet        : GET "/api/admin/trips", parameters={}
2026-05-05T18:24:58.590+03:00 DEBUG 16148 --- [io-8080-exec-10] s.w.s.m.m.a.RequestMappingHandlerMapping : Mapped to com.busgo.controller.AdminController#listTrips(HttpServletRequest)
2026-05-05T18:24:58.603+03:00 DEBUG 16148 --- [io-8080-exec-10] m.m.a.RequestResponseBodyMethodProcessor : Using 'application/json', given [*/*] and supported [application/json, application/*+json]
2026-05-05T18:24:58.603+03:00 DEBUG 16148 --- [io-8080-exec-10] m.m.a.RequestResponseBodyMethodProcessor : Writing [[TripDto[id=3c1d181a-2846-4f3f-3f3f-10611c3f2004, from=??stanbul, to=sivas, date=2026-04-18, company (truncated)...]
2026-05-05T18:24:58.603+03:00 DEBUG 16148 --- [io-8080-exec-10] o.s.web.servlet.DispatcherServlet        : Completed 200 OK
2026-05-05T18:24:58.606+03:00 DEBUG 16148 --- [nio-8080-exec-1] o.s.web.servlet.DispatcherServlet        : GET "/api/admin/tickets", parameters={}
2026-05-05T18:24:58.608+03:00 DEBUG 16148 --- [nio-8080-exec-1] s.w.s.m.m.a.RequestMappingHandlerMapping : Mapped to com.busgo.controller.AdminController#listAllTickets(HttpServletRequest)
2026-05-05T18:24:58.614+03:00 DEBUG 16148 --- [nio-8080-exec-1] m.m.a.RequestResponseBodyMethodProcessor : Using 'application/json', given [*/*] and supported [application/json, application/*+json]
2026-05-05T18:24:58.614+03:00 DEBUG 16148 --- [nio-8080-exec-1] m.m.a.RequestResponseBodyMethodProcessor : Writing [[TicketDto[id=ac9f2873-319b-4d62-ade8-c0d1e6d77dbf, userEmail=sy@gmail.com, userName=sudenaz, from=e (truncated)...]
2026-05-05T18:24:58.614+03:00 DEBUG 16148 --- [nio-8080-exec-1] o.s.web.servlet.DispatcherServlet        : Completed 200 OK
2026-05-06T14:59:39.592+03:00  WARN 16148 --- [l-1 housekeeper] com.zaxxer.hikari.pool.HikariPool        : HikariPool-1 - Thread starvation or clock leap detected (housekeeper delta=19h24m32s107ms921µs800ns).
